id,name,chapter,subsection,tags,suji,xingwei,guijing,gongxiao,zhuzhi,yongfa,jinji,yaoli,jianjie,file
1,冬葵子,利水渗湿药,利尿通淋药,,利尿通淋、下乳为要,甘，寒,大肠、小肠、膀胱经,利尿通淋；下乳；润肠,淋证，水肿；乳汁不通，乳房胀痛；肠燥便秘,煎服，3～9g,孕妇慎用,（待补充：主要成分与药理作用）,（写下你的体会：配伍、方剂、临床思路等）,利水渗湿药/利尿通淋药/冬葵子.md
2,地肤子,利水渗湿药,利尿通淋药,,清热利湿、祛风止痒为要,辛、苦，寒,肾、膀胱经,清热利湿；祛风止痒,热淋涩痛；风疹湿疹，皮肤瘙痒，阴痒,煎服，9～15g；外用适量,无明显禁忌,（待补充：主要成分与药理作用）,（写下你的体会：配伍、方剂、临床思路等）,利水渗湿药/利尿通淋药/地肤子.md
3,木通,利水渗湿药,利尿通淋药,,利尿通淋、清心火为要,苦，寒,心、小肠、膀胱经,利尿通淋；清心火；通经下乳,淋证，水肿；口舌生疮，心烦尿赤；经闭乳少，湿热痹痛,煎服，3～6g,孕妇慎用；肾功能不全者忌用,（待补充：主要成分与药理作用）,（写下你的体会：配伍、方剂、临床思路等）,利水渗湿药/利尿通淋药/木通.md
4,海金沙,利水渗湿药,利尿通淋药,,清利湿热、通淋止痛为要,甘、咸，寒,膀胱、小肠经,清利湿热；通淋止痛,热淋，石淋，血淋，膏淋，尿道涩痛,煎服，6～15g，包煎,肾阴亏虚者慎用,（待补充：主要成分与药理作用）,（写下你的体会：配伍、方剂、临床思路等）,利水渗湿药/利尿通淋药/海金沙.md
5,滑石,利水渗湿药,利尿通淋药,,利尿通淋、清热解暑为要,甘、淡，寒,膀胱、肺、胃经,利尿通淋；清热解暑；祛湿敛疮,热淋，石淋，尿热涩痛；暑湿烦渴，湿温初起；湿疹湿疮，痱子,煎服，10～20g，包煎；外用适量,脾虚、热病伤津及孕妇慎用,（待补充：主要成分与药理作用）,（写下你的体会：配伍、方剂、临床思路等）,利水渗湿药/利尿通淋药/滑石.md
6,灯心草,利水渗湿药,利尿通淋药,,利尿通淋、清心降火为要,甘、淡，微寒,心、肺、小肠经,利尿通淋；清心降火,热淋涩痛；心烦失眠，口舌生疮,煎服，1～3g,下焦虚寒、小便不禁者忌用,（待补充：主要成分与药理作用）,（写下你的体会：配伍、方剂、临床思路等）,利水渗湿药/利尿通淋药/灯心草.md
7,瞿麦,利水渗湿药,利尿通淋药,,利尿通淋、破血通经为要,苦，寒,心、小肠经,利尿通淋；破血通经,热淋，血淋，石淋，小便不通；经闭，月经不调,煎服，9～15g,孕妇忌用,（待补充：主要成分与药理作用）,（写下你的体会：配伍、方剂、临床思路等）,利水渗湿药/利尿通淋药/瞿麦.md
8,石韦,利水渗湿药,利尿通淋药,,利尿通淋、清肺止咳为要,苦、甘，微寒,肺、膀胱经,利尿通淋；清肺止咳；凉血止血,热淋，血淋，石淋；肺热咳嗽；血热崩漏,煎服，6～12g,阴虚及无湿热者慎用,（待补充：主要成分与药理作用）,（写下你的体会：配伍、方剂、临床思路等）,利水渗湿药/利尿通淋药/石韦.md
9,萆薢,利水渗湿药,利尿通淋药,,利湿去浊、祛风除痹为要,苦，平,肾、胃经,利湿去浊；祛风除痹,膏淋，白浊，白带过多；风湿痹痛，关节不利,煎服，9～15g,肾阴亏虚者慎用,（待补充：主要成分与药理作用）,（写下你的体会：配伍、方剂、临床思路等）,利水渗湿药/利尿通淋药/萆薢.md
10,萹蓄,利水渗湿药,利尿通淋药,,利尿通淋、杀虫为要,苦，微寒,膀胱经,利尿通淋；杀虫；止痒,热淋涩痛；虫积腹痛；湿疹阴痒,煎服，9～15g,脾胃虚寒者慎用,（待补充：主要成分与药理作用）,（写下你的体会：配伍、方剂、临床思路等）,利水渗湿药/利尿通淋药/萹蓄.md
11,车前子,利水渗湿药,利尿通淋药,,清热利尿通淋、渗湿止泻为要,甘，微寒,肝、肾、肺、小肠经,清热利尿通淋；渗湿止泻；明目；祛痰,热淋涩痛，水肿胀满；暑湿泄泻；目赤肿痛，目暗昏花；痰热咳嗽,煎服，9～15g，包煎,肾虚精滑者慎用,（待补充：主要成分与药理作用）,（写下你的体会：配伍、方剂、临床思路等）,利水渗湿药/利尿通淋药/车前子.md
12,通草,利水渗湿药,利尿通淋药,,利尿通淋、通气下乳为要,甘、淡，微寒,肺、胃经,利尿通淋；通气下乳,淋证，水肿；产后乳汁不下,煎服，3～5g,孕妇慎用；气阴两虚、内无湿热者忌用,（待补充：主要成分与药理作用）,（写下你的体会：配伍、方剂、临床思路等）,利水渗湿药/利尿通淋药/通草.md
13,冬瓜皮,利水渗湿药,利水消肿药,,利水消肿、清热解暑为要,甘，凉,脾、小肠经,利水消肿；清热解暑,水肿胀满，小便不利；暑热口渴，小便短赤,煎服，9～30g,无明显禁忌,（待补充：主要成分与药理作用）,（写下你的体会：配伍、方剂、临床思路等）,利水渗湿药/利水消肿药/冬瓜皮.md
14,泽泻,利水渗湿药,利水消肿药,,利水渗湿、泄热为要,甘、淡，寒,肾、膀胱经,利水渗湿；泄热；化浊降脂,水肿胀满，小便不利，泄泻尿少；痰饮眩晕；热淋涩痛，高脂血症,煎服，6～10g,肾虚精滑无湿热者慎用,（待补充：主要成分与药理作用）,（写下你的体会：配伍、方剂、临床思路等）,利水渗湿药/利水消肿药/泽泻.md
15,猪苓,利水渗湿药,利水消肿药,,利水渗湿为要,甘、淡，平,肾、膀胱经,利水渗湿,水肿，小便不利，泄泻，淋浊，带下,煎服，6～12g,无水湿者忌用,（待补充：主要成分与药理作用）,（写下你的体会：配伍、方剂、临床思路等）,利水渗湿药/利水消肿药/猪苓.md
16,玉米须,利水渗湿药,利水消肿药,,利水消肿、利湿退黄为要,甘，平,膀胱、肝、胆经,利水消肿；利湿退黄,水肿，小便不利，淋证；黄疸,煎服，15～30g,无明显禁忌,（待补充：主要成分与药理作用）,（写下你的体会：配伍、方剂、临床思路等）,利水渗湿药/利水消肿药/玉米须.md
17,茯苓,利水渗湿药,利水消肿药,,利水渗湿、健脾为要,甘、淡，平,心、肺、脾、肾经,利水渗湿；健脾；宁心安神,水肿尿少；痰饮眩悸；脾虚食少，便溏泄泻；心神不安，惊悸失眠,煎服，10～15g,虚寒精滑者忌服,（待补充：主要成分与药理作用）,（写下你的体会：配伍、方剂、临床思路等）,利水渗湿药/利水消肿药/茯苓.md
18,茯苓皮,利水渗湿药,利水消肿药,,利水消肿为要,甘、淡，平,肾、膀胱经,利水消肿,水肿，小便不利,煎服，15～30g,虚寒精滑者忌服,（待补充：主要成分与药理作用）,（写下你的体会：配伍、方剂、临床思路等）,利水渗湿药/利水消肿药/茯苓皮.md
19,葫芦,利水渗湿药,利水消肿药,,利水消肿为要,甘，平,肺、小肠经,利水消肿,水肿，腹水，脚气浮肿,煎服，15～30g,无明显禁忌,（待补充：主要成分与药理作用）,（写下你的体会：配伍、方剂、临床思路等）,利水渗湿药/利水消肿药/葫芦.md
20,薏苡仁,利水渗湿药,利水消肿药,,利水渗湿、健脾止泻为要,甘、淡，凉,脾、胃、肺经,利水渗湿；健脾止泻；除痹；排脓；解毒散结,水肿，脚气；脾虚泄泻；风湿痹痛，筋脉拘挛；肺痈，肠痈；赘疣、癌肿,煎服，9～30g；清利湿热宜生用，健脾止泻宜炒用,孕妇慎用；津液不足者慎用,（待补充：主要成分与药理作用）,（写下你的体会：配伍、方剂、临床思路等）,利水渗湿药/利水消肿药/薏苡仁.md
21,香加皮,利水渗湿药,利水消肿药,,利水消肿、祛风湿为要,辛、苦，温；有毒,肝、肾、心经,利水消肿；祛风湿；强筋骨,水肿，小便不利；风湿痹痛，腰膝酸软,煎服，3～6g,有毒，不宜过量久服；孕妇慎用,（待补充：主要成分与药理作用）,（写下你的体会：配伍、方剂、临床思路等）,利水渗湿药/利水消肿药/香加皮.md
22,垂盆草,利水渗湿药,利湿退黄药,,利湿退黄、清热解毒为要,甘、淡，凉,肝、胆、小肠经,利湿退黄；清热解毒,湿热黄疸；痈肿疮疡，毒蛇咬伤；水火烫伤,煎服，15～30g；外用适量,无明显禁忌,（待补充：主要成分与药理作用）,（写下你的体会：配伍、方剂、临床思路等）,利水渗湿药/利湿退黄药/垂盆草.md
23,茵陈,利水渗湿药,利湿退黄药,,清利湿热、利胆退黄为要,苦、辛，微寒,脾、胃、肝、胆经,清利湿热；利胆退黄,黄疸尿少；湿温暑湿；湿疮瘙痒,煎服，6～15g；外用适量,蓄血发黄及血虚萎黄者慎用,（待补充：主要成分与药理作用）,（写下你的体会：配伍、方剂、临床思路等）,利水渗湿药/利湿退黄药/茵陈.md
24,虎杖,利水渗湿药,利湿退黄药,,利湿退黄、清热解毒为要,微苦，微寒,肝、胆、肺经,利湿退黄；清热解毒；散瘀止痛；止咳化痰,湿热黄疸，淋浊带下；水火烫伤，痈肿疮毒；经闭癥瘕，跌打损伤；肺热咳嗽,煎服，9～15g,孕妇慎用,（待补充：主要成分与药理作用）,（写下你的体会：配伍、方剂、临床思路等）,利水渗湿药/利湿退黄药/虎杖.md
25,金钱草,利水渗湿药,利湿退黄药,,利湿退黄、利尿通淋为要,甘、咸，微寒,肝、胆、肾、膀胱经,利湿退黄；利尿通淋；解毒消肿,湿热黄疸；石淋，热淋；痈肿疔疮，毒蛇咬伤,煎服，15～60g；外用适量,无明显禁忌,（待补充：主要成分与药理作用）,（写下你的体会：配伍、方剂、临床思路等）,利水渗湿药/利湿退黄药/金钱草.md
26,鸡骨草,利水渗湿药,利湿退黄药,,利湿退黄、清热解毒为要,甘、微苦，凉,肝、胃经,利湿退黄；清热解毒；疏肝止痛,湿热黄疸；胁肋不舒，胃脘疼痛,煎服，15～30g,无明显禁忌,（待补充：主要成分与药理作用）,（写下你的体会：配伍、方剂、临床思路等）,利水渗湿药/利湿退黄药/鸡骨草.md
27,佩兰,化湿药,,,芳香化湿、醒脾开胃为要,辛，平,脾、胃、肺经,芳香化湿；醒脾开胃；发表解暑,湿阻中焦，脘痞呕恶；口中甜腻、口臭；暑湿表证,煎服，3～10g；鲜品加倍,阴虚血燥者慎用,（待补充：主要成分与药理作用）,（写下你的体会：配伍、方剂、临床思路等）,化湿药/佩兰.md
28,厚朴,化湿药,,,燥湿消痰、下气除满为要,苦、辛，温,脾、胃、肺、大肠经,燥湿消痰；下气除满,湿阻中焦，脘腹胀满；食积气滞，腹胀便秘；痰饮喘咳,煎服，3～10g,气虚津亏者慎用；孕妇慎用,（待补充：主要成分与药理作用）,（写下你的体会：配伍、方剂、临床思路等）,化湿药/厚朴.md
29,广藿香,化湿药,,,芳香化浊、和中止呕为要,辛，微温,脾、胃、肺经,芳香化浊；和中止呕；发表解暑,湿浊中阻，脘痞呕吐；暑湿表证，湿温初起；呕吐,煎服，3～10g；鲜品加倍,阴虚火旺、胃热呕吐者慎用,（待补充：主要成分与药理作用）,（写下你的体会：配伍、方剂、临床思路等）,化湿药/广藿香.md
30,砂仁,化湿药,,,化湿开胃、温脾止泻为要,辛，温,脾、胃、肾经,化湿开胃；温脾止泻；理气安胎,湿浊中阻，脘痞不饥；脾胃虚寒，呕吐泄泻；妊娠恶阻，胎动不安,煎服，3～6g，后下,阴虚血燥者慎用,（待补充：主要成分与药理作用）,（写下你的体会：配伍、方剂、临床思路等）,化湿药/砂仁.md
31,苍术,化湿药,,,燥湿健脾、祛风散寒为要,辛、苦，温,脾、胃、肝经,燥湿健脾；祛风散寒；明目,湿阻中焦，脘腹胀满，泄泻；风湿痹证；风寒夹湿表证；夜盲、目昏,煎服，3～9g,阴虚内热、气虚多汗者忌用,（待补充：主要成分与药理作用）,（写下你的体会：配伍、方剂、临床思路等）,化湿药/苍术.md
32,草果,化湿药,,,燥湿温中、除痰截疟为要,辛，温,脾、胃经,燥湿温中；除痰截疟,寒湿中阻，脘腹胀痛，呕吐泄泻；疟疾寒热,煎服，3～6g,阴虚血燥者慎用,（待补充：主要成分与药理作用）,（写下你的体会：配伍、方剂、临床思路等）,化湿药/草果.md
33,草豆蔻,化湿药,,,燥湿行气、温中止呕为要,辛，温,脾、胃经,燥湿行气；温中止呕,寒湿中阻，脘腹胀满冷痛；呕吐泄泻,煎服，3～6g，后下,阴虚血燥者慎用,（待补充：主要成分与药理作用）,（写下你的体会：配伍、方剂、临床思路等）,化湿药/草豆蔻.md
34,豆蔻,化湿药,,,化湿行气、温中止呕为要,辛，温,肺、脾、胃经,化湿行气；温中止呕；开胃消食,湿浊中阻，不思饮食；湿温初起，胸闷不饥；寒湿呕逆,煎服，3～6g，后下,阴虚血燥者慎用,（待补充：主要成分与药理作用）,（写下你的体会：配伍、方剂、临床思路等）,化湿药/豆蔻.md
35,枇杷叶,化痰止咳平喘药,止咳平喘药,,清肺止咳、降逆止呕为要,苦，微寒,肺、胃经,清肺止咳；降逆止呕,肺热咳嗽，气逆喘急；胃热呕逆，烦热口渴,煎服，6～10g；止咳宜蜜炙，止呕宜生用,胃寒呕吐、寒咳者慎用,（待补充：主要成分与药理作用）,（写下你的体会：配伍、方剂、临床思路等）,化痰止咳平喘药/止咳平喘药/枇杷叶.md
36,桑白皮,化痰止咳平喘药,止咳平喘药,,泻肺平喘、利水消肿为要,甘，寒,肺经,泻肺平喘；利水消肿,肺热喘咳；水肿胀满，小便不利,煎服，6～12g；泻肺利水宜生用，肺虚咳嗽宜蜜炙,肺虚无火、风寒咳嗽者慎用,（待补充：主要成分与药理作用）,（写下你的体会：配伍、方剂、临床思路等）,化痰止咳平喘药/止咳平喘药/桑白皮.md
37,款冬花,化痰止咳平喘药,止咳平喘药,"[中药学, 止咳平喘药]",润肺下气、止咳化痰为要,辛、微苦，温,肺经,润肺下气；止咳化痰,新久咳嗽，喘咳痰多，劳嗽咯血,煎服，5～10g；蜜炙用增强润肺止咳,无明显禁忌,（待补充：主要成分与药理作用）,（写下你的体会：配伍、方剂、临床思路等）,化痰止咳平喘药/止咳平喘药/款冬花.md
38,洋金花,化痰止咳平喘药,止咳平喘药,,平喘止咳、解痉定痛为要,辛，温；有毒,肺、肝经,平喘止咳；解痉定痛,哮喘咳嗽；脘腹冷痛，风湿痹痛，小儿慢惊,内服入丸散，0.3～0.6g；外用适量,有毒，青光眼、高血压、心动过速者忌用；外感痰热咳喘者忌用,（待补充：主要成分与药理作用）,（写下你的体会：配伍、方剂、临床思路等）,化痰止咳平喘药/止咳平喘药/洋金花.md
39,白果,化痰止咳平喘药,止咳平喘药,,敛肺定喘、止带缩尿为要,甘、苦、涩，平；有毒,肺、肾经,敛肺定喘；止带缩尿,哮喘痰嗽；带下白浊；遗尿尿频,煎服，5～10g，捣碎,有毒，生食易中毒，不可过量；咳嗽痰稠不利者慎用,（待补充：主要成分与药理作用）,（写下你的体会：配伍、方剂、临床思路等）,化痰止咳平喘药/止咳平喘药/白果.md
40,百部,化痰止咳平喘药,止咳平喘药,,润肺下气止咳、杀虫灭虱为要,甘、苦，微温,肺经,润肺下气止咳；杀虫灭虱,新久咳嗽，百日咳，肺痨咳嗽；蛲虫病，头虱体虱（外用）,煎服，3～9g；蜜炙百部润肺止咳,无明显禁忌,（待补充：主要成分与药理作用）,（写下你的体会：配伍、方剂、临床思路等）,化痰止咳平喘药/止咳平喘药/百部.md
41,矮地茶,化痰止咳平喘药,止咳平喘药,,止咳平喘、清利湿热为要,辛、微苦，平,肺、肝经,止咳平喘；清利湿热；活血化瘀,咳嗽气喘；湿热黄疸；血瘀经闭，跌打损伤,煎服，10～30g,无明显禁忌,（待补充：主要成分与药理作用）,（写下你的体会：配伍、方剂、临床思路等）,化痰止咳平喘药/止咳平喘药/矮地茶.md
42,紫苏子,化痰止咳平喘药,止咳平喘药,,降气化痰、止咳平喘为要,辛，温,肺、大肠经,降气化痰；止咳平喘；润肠通便,痰壅气逆，咳嗽气喘；肠燥便秘,煎服，3～10g,阴虚喘咳、脾虚便溏者慎用,（待补充：主要成分与药理作用）,（写下你的体会：配伍、方剂、临床思路等）,化痰止咳平喘药/止咳平喘药/紫苏子.md
43,紫菀,化痰止咳平喘药,止咳平喘药,,润肺下气、消痰止咳为要,苦、辛、甘，微温,肺经,润肺下气；消痰止咳,痰多喘咳，新久咳嗽，劳嗽咯血,煎服，5～10g；蜜炙用增强润肺止咳,阴虚火旺者慎用,（待补充：主要成分与药理作用）,（写下你的体会：配伍、方剂、临床思路等）,化痰止咳平喘药/止咳平喘药/紫菀.md
44,罗汉果,化痰止咳平喘药,止咳平喘药,,清热润肺、利咽开音为要,甘，凉,肺、大肠经,清热润肺；利咽开音；滑肠通便,肺热燥咳，咽痛失音；肠燥便秘,煎服或开水泡服，9～15g,无明显禁忌,（待补充：主要成分与药理作用）,（写下你的体会：配伍、方剂、临床思路等）,化痰止咳平喘药/止咳平喘药/罗汉果.md
45,苦杏仁,化痰止咳平喘药,止咳平喘药,,降气止咳平喘、润肠通便为要,苦，微温；有小毒,肺、大肠经,降气止咳平喘；润肠通便,咳嗽气喘，胸满痰多；肠燥便秘,煎服，5～10g，打碎后下,有小毒，用量不宜过大；阴虚咳喘、大便溏泄者慎用,（待补充：主要成分与药理作用）,（写下你的体会：配伍、方剂、临床思路等）,化痰止咳平喘药/止咳平喘药/苦杏仁.md
46,葶苈子,化痰止咳平喘药,止咳平喘药,,泻肺平喘、行水消肿为要,辛、苦，大寒,肺、膀胱经,泻肺平喘；行水消肿,痰涎壅肺，喘咳痰多，胸胁胀满；水肿，胸腹积水，小便不利,煎服，3～10g，包煎,肺虚喘咳、脾虚肿满者忌用,（待补充：主要成分与药理作用）,（写下你的体会：配伍、方剂、临床思路等）,化痰止咳平喘药/止咳平喘药/葶苈子.md
47,马兜铃,化痰止咳平喘药,止咳平喘药,,清肺降气、止咳平喘为要,苦，微寒,肺、大肠经,清肺降气；止咳平喘；清肠消痔,肺热咳喘，痰中带血；痔疮肿痛，肠热痔血,煎服，3～9g,含马兜铃酸，肾毒性大，内服宜慎、不宜过量久服；肾功能不全者禁用,（待补充：主要成分与药理作用）,（写下你的体会：配伍、方剂、临床思路等）,化痰止咳平喘药/止咳平喘药/马兜铃.md
48,前胡,化痰止咳平喘药,清化热痰药,,降气化痰、散风清热为要,苦、辛，微寒,肺经,降气化痰；散风清热,痰热咳喘，痰黄黏稠；风热咳嗽痰多,煎服，3～10g,阴虚咳嗽、寒痰咳嗽者慎用,（待补充：主要成分与药理作用）,（写下你的体会：配伍、方剂、临床思路等）,化痰止咳平喘药/清化热痰药/前胡.md
49,天竺黄,化痰止咳平喘药,清化热痰药,,清热豁痰、凉心定惊为要,甘，寒,心、肝经,清热豁痰；凉心定惊,热病神昏，中风痰迷；小儿痰热惊痫，夜啼,煎服，3～9g；研粉冲服，每次0.6～1g,寒痰者慎用,（待补充：主要成分与药理作用）,（写下你的体会：配伍、方剂、临床思路等）,化痰止咳平喘药/清化热痰药/天竺黄.md
50,川贝母,化痰止咳平喘药,清化热痰药,,清热润肺、化痰止咳为要,苦、甘，微寒,肺、心经,清热润肺；化痰止咳；散结消痈,肺热燥咳，干咳少痰，阴虚劳嗽，咯痰带血；瘰疬、乳痈、肺痈,煎服，3～10g；研粉冲服，每次1～2g,不宜与乌头类同用；脾胃虚寒及痰湿盛者慎用,（待补充：主要成分与药理作用）,（写下你的体会：配伍、方剂、临床思路等）,化痰止咳平喘药/清化热痰药/川贝母.md
51,昆布,化痰止咳平喘药,清化热痰药,,消痰软坚散结、利水消肿为要,咸，寒,肝、胃、肾经,消痰软坚散结；利水消肿,瘿瘤瘰疬，睾丸肿痛；痰饮水肿,煎服，6～12g,脾胃虚寒、便溏者慎用,（待补充：主要成分与药理作用）,（写下你的体会：配伍、方剂、临床思路等）,化痰止咳平喘药/清化热痰药/昆布.md
52,桔梗,化痰止咳平喘药,清化热痰药,,宣肺、利咽为要,苦、辛，平,肺经,宣肺；利咽；祛痰；排脓,咳嗽痰多，胸闷不畅；咽喉肿痛，失音；肺痈吐脓,煎服，3～10g,阴虚久咳、气逆咯血者慎用；用量过大可致恶心呕吐,（待补充：主要成分与药理作用）,（写下你的体会：配伍、方剂、临床思路等）,化痰止咳平喘药/清化热痰药/桔梗.md
53,浙贝母,化痰止咳平喘药,清化热痰药,,清热化痰止咳、解毒散结消痈为要,苦，寒,肺、心经,清热化痰止咳；解毒散结消痈,风热咳嗽，痰热咳嗽；瘰疬瘿瘤，乳痈疮毒，肺痈,煎服，5～10g,不宜与乌头类同用；寒痰、湿痰者慎用,（待补充：主要成分与药理作用）,（写下你的体会：配伍、方剂、临床思路等）,化痰止咳平喘药/清化热痰药/浙贝母.md
54,海浮石,化痰止咳平喘药,清化热痰药,,清肺化痰、软坚散结为要,咸，寒,肺、肾经,清肺化痰；软坚散结；利尿通淋,痰热咳嗽；瘿瘤瘰疬；血淋，石淋,煎服，10～15g,脾胃虚寒者慎用,（待补充：主要成分与药理作用）,（写下你的体会：配伍、方剂、临床思路等）,化痰止咳平喘药/清化热痰药/海浮石.md
55,海藻,化痰止咳平喘药,清化热痰药,,消痰软坚散结、利水消肿为要,苦、咸，寒,肝、胃、肾经,消痰软坚散结；利水消肿,瘿瘤瘰疬，睾丸肿痛；痰饮水肿,煎服，6～12g,不宜与甘草同用；脾胃虚寒者慎用,（待补充：主要成分与药理作用）,（写下你的体会：配伍、方剂、临床思路等）,化痰止咳平喘药/清化热痰药/海藻.md
56,海蛤壳,化痰止咳平喘药,清化热痰药,,清热化痰、软坚散结为要,苦、咸，寒,肺、胃经,清热化痰；软坚散结；制酸止痛；外用收湿敛疮,痰热咳嗽，痰黄黏稠；瘿瘤瘰疬；胃痛泛酸；湿疹烫伤（外用）,煎服，6～15g，蛤粉宜包煎；外用适量,脾胃虚寒者慎用,（待补充：主要成分与药理作用）,（写下你的体会：配伍、方剂、临床思路等）,化痰止咳平喘药/清化热痰药/海蛤壳.md
57,瓜蒌,化痰止咳平喘药,清化热痰药,,清热涤痰、宽胸散结为要,甘、微苦，寒,肺、胃、大肠经,清热涤痰；宽胸散结；润燥滑肠,痰热咳嗽，燥咳痰黏；胸痹心痛，结胸痞满；乳痈、肺痈、肠痈；肠燥便秘,煎服，9～15g；全瓜蒌、瓜蒌皮、瓜蒌仁功效各异,不宜与乌头类同用；脾虚便溏者慎用,（待补充：主要成分与药理作用）,（写下你的体会：配伍、方剂、临床思路等）,化痰止咳平喘药/清化热痰药/瓜蒌.md
58,瓦楞子,化痰止咳平喘药,清化热痰药,,消痰化瘀、软坚散结为要,咸，平,肺、胃、肝经,消痰化瘀；软坚散结；制酸止痛,顽痰胶结，瘿瘤瘰疬，癥瘕痞块；胃痛泛酸,煎服，9～15g，先煎；研末服，每次1～3g,无明显禁忌,（待补充：主要成分与药理作用）,（写下你的体会：配伍、方剂、临床思路等）,化痰止咳平喘药/清化热痰药/瓦楞子.md
59,礞石,化痰止咳平喘药,清化热痰药,,坠痰下气、平肝镇惊为要,甘、咸，平,肺、心、肝经,坠痰下气；平肝镇惊,顽痰胶结，咳逆喘急；癫狂惊痫，烦躁胸闷,入丸散，3～6g；煎服，10～15g，布包先煎,孕妇及脾胃虚弱者忌用,（待补充：主要成分与药理作用）,（写下你的体会：配伍、方剂、临床思路等）,化痰止咳平喘药/清化热痰药/礞石.md
60,竹沥,化痰止咳平喘药,清化热痰药,,清热豁痰、定惊利窍为要,甘，寒,心、肺、肝经,清热豁痰；定惊利窍,痰热咳嗽，痰黄黏稠难咯；中风痰迷，惊痫癫狂,冲服，30～50ml；入丸剂,寒痰、便溏者忌用,（待补充：主要成分与药理作用）,（写下你的体会：配伍、方剂、临床思路等）,化痰止咳平喘药/清化热痰药/竹沥.md
61,竹茹,化痰止咳平喘药,清化热痰药,,清热化痰、除烦止呕为要,甘，微寒,肺、胃、心、胆经,清热化痰；除烦止呕,痰热咳嗽，痰黄黏稠；心烦不眠；胃热呕吐，妊娠恶阻；吐血衄血,煎服，5～10g；除烦止呕宜姜汁炙用,胃寒呕吐、寒痰者慎用,（待补充：主要成分与药理作用）,（写下你的体会：配伍、方剂、临床思路等）,化痰止咳平喘药/清化热痰药/竹茹.md
62,胖大海,化痰止咳平喘药,清化热痰药,,清热润肺、利咽开音为要,甘，寒,肺、大肠经,清热润肺；利咽开音；润肠通便,肺热声哑，咽喉干痛，干咳无痰；热结便秘,沸水泡服或煎服，2～4枚,脾胃虚寒、便溏者慎用,（待补充：主要成分与药理作用）,（写下你的体会：配伍、方剂、临床思路等）,化痰止咳平喘药/清化热痰药/胖大海.md
63,黄药子,化痰止咳平喘药,清化热痰药,,化痰散结消瘿、清热解毒为要,苦，寒；有毒,肺、肝、心经,化痰散结消瘿；清热解毒,瘿瘤瘰疬；疮疡肿毒，咽喉肿痛，毒蛇咬伤,煎服，5～15g；外用适量,有毒，不宜过量久服；肝肾功能不全者慎用,（待补充：主要成分与药理作用）,（写下你的体会：配伍、方剂、临床思路等）,化痰止咳平喘药/清化热痰药/黄药子.md
64,半夏,化痰止咳平喘药,温化寒痰药,,燥湿化痰、降逆止呕为要,辛，温；有毒,脾、胃、肺经,燥湿化痰；降逆止呕；消痞散结；外用消肿止痛,湿痰寒痰，咳喘痰多；呕吐反胃；胸脘痞闷，梅核气；瘿瘤痰核，痈疽肿毒（外用）,煎服，3～9g；内服须炮制（法半夏、姜半夏等）；生品外用适量,有毒，阴虚燥咳、血证、热痰燥痰者慎用；不宜与乌头类同用；孕妇慎用,（待补充：主要成分与药理作用）,（写下你的体会：配伍、方剂、临床思路等）,化痰止咳平喘药/温化寒痰药/半夏.md
65,天南星,化痰止咳平喘药,温化寒痰药,,燥湿化痰、祛风止痉为要,苦、辛，温；有毒,肺、肝、脾经,燥湿化痰；祛风止痉；外用散结消肿,顽痰咳嗽，风痰眩晕，中风痰壅，癫痫惊风；破伤风；痈肿痰核（外用）,煎服，3～9g（制用）；生品外用适量,有毒，孕妇忌用；阴虚燥痰者慎用,（待补充：主要成分与药理作用）,（写下你的体会：配伍、方剂、临床思路等）,化痰止咳平喘药/温化寒痰药/天南星.md
66,旋覆花,化痰止咳平喘药,温化寒痰药,,降气化痰、降逆止呕为要,苦、辛、咸，微温,肺、脾、胃、大肠经,降气化痰；降逆止呕,痰涎壅肺，咳喘痰多；痰饮蓄结，胸膈痞闷；噫气、呕吐,煎服，3～9g，包煎,阴虚劳嗽、津伤燥咳者慎用,（待补充：主要成分与药理作用）,（写下你的体会：配伍、方剂、临床思路等）,化痰止咳平喘药/温化寒痰药/旋覆花.md
67,猫爪草,化痰止咳平喘药,温化寒痰药,,化痰散结、解毒消肿为要,甘、辛，温,肝、肺经,化痰散结；解毒消肿,瘰疬痰核，疔疮肿毒，蛇虫咬伤,煎服，15～30g；外用适量,无明显禁忌,（待补充：主要成分与药理作用）,（写下你的体会：配伍、方剂、临床思路等）,化痰止咳平喘药/温化寒痰药/猫爪草.md
68,白前,化痰止咳平喘药,温化寒痰药,,降气、消痰为要,辛、苦，微温,肺经,降气；消痰；止咳,肺气壅实，咳嗽痰多，胸满喘急,煎服，3～10g,阴虚火旺、肺肾气虚者慎用,（待补充：主要成分与药理作用）,（写下你的体会：配伍、方剂、临床思路等）,化痰止咳平喘药/温化寒痰药/白前.md
69,白芥子,化痰止咳平喘药,温化寒痰药,,温肺化痰、利气散结为要,辛，温,肺、胃经,温肺化痰；利气散结；通络止痛,寒痰喘咳，悬饮胸胁胀痛；痰滞经络，肢体麻木疼痛；阴疽流注,煎服，3～6g；外用适量,外敷易起泡；肺虚久咳、阴虚火旺者忌用,（待补充：主要成分与药理作用）,（写下你的体会：配伍、方剂、临床思路等）,化痰止咳平喘药/温化寒痰药/白芥子.md
70,白附子,化痰止咳平喘药,温化寒痰药,,祛风痰、定惊搐为要,辛，温；有毒,胃、肝经,祛风痰；定惊搐；解毒散结；止痛,中风痰壅，口眼歪斜，惊风癫痫，破伤风；痰厥头痛；瘰疬痰核，毒蛇咬伤（外用）,煎服，3～6g（制用）；外用生品适量,有毒，孕妇忌用；阴虚血虚动风者慎用,（待补充：主要成分与药理作用）,（写下你的体会：配伍、方剂、临床思路等）,化痰止咳平喘药/温化寒痰药/白附子.md
71,皂荚,化痰止咳平喘药,温化寒痰药,,祛顽痰、通窍开闭为要,辛、咸，温；有小毒,肺、大肠经,祛顽痰；通窍开闭；祛风杀虫,顽痰阻肺，咳喘痰多；中风痰厥，癫痫；便秘；疮癣（外用）,煎服，1～1.5g；焙焦研末服，0.6～1.5g；外用适量,有小毒，孕妇、咯血及体虚者忌用,（待补充：主要成分与药理作用）,（写下你的体会：配伍、方剂、临床思路等）,化痰止咳平喘药/温化寒痰药/皂荚.md
72,合欢皮,安神药,养心安神药,,解郁安神、活血消肿为要,甘，平,心、肝、肺经,解郁安神；活血消肿,心神不宁，忿怒忧郁，烦躁失眠；跌打损伤，骨折肿痛；肺痈疮肿,煎服，6～12g,孕妇慎用,（待补充：主要成分与药理作用）,（写下你的体会：配伍、方剂、临床思路等）,安神药/养心安神药/合欢皮.md
73,柏子仁,安神药,养心安神药,,养心安神、润肠通便为要,甘，平,心、肾、大肠经,养心安神；润肠通便；止汗,虚烦不眠，心悸怔忡；肠燥便秘；阴虚盗汗,煎服，3～10g,便溏及痰多者慎用,（待补充：主要成分与药理作用）,（写下你的体会：配伍、方剂、临床思路等）,安神药/养心安神药/柏子仁.md
74,灵芝,安神药,养心安神药,,补气安神、止咳平喘为要,甘，平,心、肺、肝、肾经,补气安神；止咳平喘,心神不宁，失眠心悸；肺虚咳喘；虚劳短气，不思饮食,煎服，6～12g；研末服，1.5～3g,无明显禁忌,（待补充：主要成分与药理作用）,（写下你的体会：配伍、方剂、临床思路等）,安神药/养心安神药/灵芝.md
75,缬草,安神药,养心安神药,,安神、理气为要,辛、甘，温,心、肝经,安神；理气；活血止痛,心神不宁，失眠；脘腹胀痛；跌打损伤,煎服，3～9g,无明显禁忌,（待补充：主要成分与药理作用）,（写下你的体会：配伍、方剂、临床思路等）,安神药/养心安神药/缬草.md
76,远志,安神药,养心安神药,,安神益智、交通心肾为要,苦、辛，温,心、肾、肺经,安神益智；交通心肾；祛痰；消肿,心肾不交之失眠健忘，惊悸；痰阻心窍之癫痫发狂；咳嗽痰多；痈疽疮毒（外用）,煎服，3～10g；外用适量；甘草水炙可缓和刺激,胃炎及胃溃疡者慎用,（待补充：主要成分与药理作用）,（写下你的体会：配伍、方剂、临床思路等）,安神药/养心安神药/远志.md
77,酸枣仁,安神药,养心安神药,,养心补肝、宁心安神为要,甘、酸，平,肝、胆、心经,养心补肝；宁心安神；敛汗；生津,虚烦不眠，惊悸多梦；体虚多汗；津伤口渴,煎服，10～15g；研末吞服，每次1.5～2g,实邪郁火者慎用,（待补充：主要成分与药理作用）,（写下你的体会：配伍、方剂、临床思路等）,安神药/养心安神药/酸枣仁.md
78,首乌藤,安神药,养心安神药,,养血安神、祛风通络为要,甘，平,心、肝经,养血安神；祛风通络,失眠多梦，血虚身痛；风湿痹痛；皮肤瘙痒,煎服，9～15g,无明显禁忌,（待补充：主要成分与药理作用）,（写下你的体会：配伍、方剂、临床思路等）,安神药/养心安神药/首乌藤.md
79,朱砂,安神药,重镇安神药,,清心镇惊、安神为要,甘，微寒；有毒,心经,清心镇惊；安神；明目；解毒,心神不宁，心悸失眠；惊风癫痫；疮疡肿毒，咽喉肿痛,研末冲服或入丸散，0.1～0.5g；不宜入煎剂,有毒，不可过量久服；忌火煅；孕妇及肝肾功能不全者禁用,（待补充：主要成分与药理作用）,（写下你的体会：配伍、方剂、临床思路等）,安神药/重镇安神药/朱砂.md
80,琥珀,安神药,重镇安神药,,镇惊安神、活血散瘀为要,甘，平,心、肝、膀胱经,镇惊安神；活血散瘀；利尿通淋,心神不宁，心悸失眠，惊风癫痫；血滞经闭，癥瘕；淋证尿血，小便不利,研末冲服或入丸散，1.5～3g；不入煎剂,阴虚内热、津液不足者慎用,（待补充：主要成分与药理作用）,（写下你的体会：配伍、方剂、临床思路等）,安神药/重镇安神药/琥珀.md
81,磁石,安神药,重镇安神药,,镇惊安神、平肝潜阳为要,咸，寒,心、肝、肾经,镇惊安神；平肝潜阳；聪耳明目；纳气平喘,心神不宁，惊悸失眠，癫痫；肝阳眩晕；耳鸣耳聋，目昏；肾虚气喘,煎服，9～30g，打碎先煎,脾胃虚弱者慎用；入丸散不宜过量,（待补充：主要成分与药理作用）,（写下你的体会：配伍、方剂、临床思路等）,安神药/重镇安神药/磁石.md
82,龙骨,安神药,重镇安神药,,镇惊安神、平肝潜阳为要,甘、涩，平,心、肝、肾经,镇惊安神；平肝潜阳；收敛固涩,心神不宁，心悸失眠，惊痫癫狂；肝阳眩晕；滑脱诸证（自汗盗汗、遗精、崩漏、带下）,煎服，15～30g，先煎；收敛固涩宜煅用,湿热积滞者慎用,（待补充：主要成分与药理作用）,（写下你的体会：配伍、方剂、临床思路等）,安神药/重镇安神药/龙骨.md
83,代赭石,平肝息风药,平抑肝阳药,,平肝潜阳、重镇降逆为要,苦，寒,肝、心经,平肝潜阳；重镇降逆；凉血止血,肝阳上亢，头晕目眩；呕吐、呃逆、噫气；气逆喘息；血热吐血、衄血、崩漏,煎服，9～30g，打碎先煎,孕妇慎用；虚寒证忌用,（待补充：主要成分与药理作用）,（写下你的体会：配伍、方剂、临床思路等）,平肝息风药/平抑肝阳药/代赭石.md
84,刺蒺藜,平肝息风药,平抑肝阳药,,平肝解郁、活血祛风为要,辛、苦，微温；有小毒,肝经,平肝解郁；活血祛风；明目；止痒,肝阳眩晕，头痛；胸胁胀痛，乳闭乳痈；目赤翳障；风疹瘙痒,煎服，6～10g,有小毒，孕妇慎用；血虚气弱及阴虚火旺者慎用,（待补充：主要成分与药理作用）,（写下你的体会：配伍、方剂、临床思路等）,平肝息风药/平抑肝阳药/刺蒺藜.md
85,牡蛎,平肝息风药,平抑肝阳药,,重镇安神、潜阳补阴为要,咸，微寒,肝、胆、肾经,重镇安神；潜阳补阴；软坚散结；收敛固涩,心神不安，惊悸失眠；肝阳上亢，头晕目眩；痰核瘰疬，癥瘕积聚；滑脱诸证（自汗盗汗、遗精、崩带）,煎服，9～30g，先煎；收敛固涩宜煅用,虚而有寒者忌用,（待补充：主要成分与药理作用）,（写下你的体会：配伍、方剂、临床思路等）,平肝息风药/平抑肝阳药/牡蛎.md
86,珍珠母,平肝息风药,平抑肝阳药,,平肝潜阳、安神定惊为要,咸，寒,肝、心经,平肝潜阳；安神定惊；明目退翳,肝阳眩晕，头痛；心悸失眠，心神不宁；目赤翳障,煎服，10～25g，打碎先煎,脾胃虚寒者慎用,（待补充：主要成分与药理作用）,（写下你的体会：配伍、方剂、临床思路等）,平肝息风药/平抑肝阳药/珍珠母.md
87,生铁落,平肝息风药,平抑肝阳药,,平肝镇惊为要,辛，凉,肝、心经,平肝镇惊,癫狂善怒，惊悸失眠,煎服，30～60g，先煎；或入丸散,肝虚及中气虚寒者忌用,（待补充：主要成分与药理作用）,（写下你的体会：配伍、方剂、临床思路等）,平肝息风药/平抑肝阳药/生铁落.md
88,石决明,平肝息风药,平抑肝阳药,,平肝潜阳、清肝明目为要,咸，寒,肝经,平肝潜阳；清肝明目,肝阳上亢之头晕目眩；目赤翳障，视物昏花,煎服，6～20g，打碎先煎,脾胃虚寒、食少便溏者慎用,（待补充：主要成分与药理作用）,（写下你的体会：配伍、方剂、临床思路等）,平肝息风药/平抑肝阳药/石决明.md
89,紫贝齿,平肝息风药,平抑肝阳药,,平肝潜阳、镇惊安神为要,咸，平,肝、心经,平肝潜阳；镇惊安神；清肝明目,肝阳眩晕；惊悸失眠；目赤翳障,煎服，10～15g，打碎先煎,脾胃虚寒者慎用,（待补充：主要成分与药理作用）,（写下你的体会：配伍、方剂、临床思路等）,平肝息风药/平抑肝阳药/紫贝齿.md
90,罗布麻叶,平肝息风药,平抑肝阳药,,平肝安神、清热利水为要,甘、苦，凉,肝经,平肝安神；清热利水,肝阳眩晕，心悸失眠；水肿尿少,煎服或开水泡服，6～12g,不宜过量久服,（待补充：主要成分与药理作用）,（写下你的体会：配伍、方剂、临床思路等）,平肝息风药/平抑肝阳药/罗布麻叶.md
91,僵蚕,平肝息风药,息风止痉药,,息风止痉、祛风止痛为要,咸、辛，平,肝、肺、胃经,息风止痉；祛风止痛；化痰散结,惊痫抽搐，中风口歪，破伤风；风热头痛，目赤咽痛；风疹瘙痒；痰核瘰疬,煎服，5～10g；研末吞服，每次1～1.5g,血虚生风者慎用,（待补充：主要成分与药理作用）,（写下你的体会：配伍、方剂、临床思路等）,平肝息风药/息风止痉药/僵蚕.md
92,全蝎,平肝息风药,息风止痉药,,息风镇痉、通络止痛为要,辛，平；有毒,肝经,息风镇痉；通络止痛；攻毒散结,小儿惊风，抽搐痉挛，中风口歪，半身不遂；破伤风；风湿顽痹，偏正头痛；疮疡肿毒，瘰疬痰核,煎服，3～6g；研末吞服，每次0.6～1g,有毒，孕妇禁用；用量不宜过大,（待补充：主要成分与药理作用）,（写下你的体会：配伍、方剂、临床思路等）,平肝息风药/息风止痉药/全蝎.md
93,地龙,平肝息风药,息风止痉药,,清热定惊、通络为要,咸，寒,肝、脾、膀胱经,清热定惊；通络；平喘；利尿,高热神昏，惊痫抽搐；关节痹痛，肢体麻木，半身不遂；肺热喘咳；小便不利，尿闭不通,煎服，5～10g；研末吞服，每次1～2g,脾胃虚寒者慎用；孕妇慎用,（待补充：主要成分与药理作用）,（写下你的体会：配伍、方剂、临床思路等）,平肝息风药/息风止痉药/地龙.md
94,天麻,平肝息风药,息风止痉药,,息风止痉、平抑肝阳为要,甘，平,肝经,息风止痉；平抑肝阳；祛风通络,肝风内动，惊痫抽搐；眩晕头痛；肢体麻木，手足不遂，风湿痹痛,煎服，3～10g；研末冲服，每次1～1.5g,无明显禁忌,（待补充：主要成分与药理作用）,（写下你的体会：配伍、方剂、临床思路等）,平肝息风药/息风止痉药/天麻.md
95,牛黄,平肝息风药,息风止痉药,,凉肝息风、清心豁痰为要,甘，凉,心、肝经,凉肝息风；清心豁痰；开窍醒神；清热解毒,热病神昏，中风痰迷；惊痫抽搐；咽喉肿痛，口舌生疮，痈肿疔疮,入丸散，0.15～0.35g；外用适量,非实热证不宜用；孕妇慎用,（待补充：主要成分与药理作用）,（写下你的体会：配伍、方剂、临床思路等）,平肝息风药/息风止痉药/牛黄.md
96,珍珠,平肝息风药,息风止痉药,,安神定惊、明目消翳为要,甘、咸，寒,心、肝经,安神定惊；明目消翳；解毒生肌；润肤祛斑,惊悸失眠，惊风癫痫；目赤翳障；疮疡不敛；皮肤色斑,研末冲服或入丸散，0.1～0.3g；外用适量,孕妇慎用,（待补充：主要成分与药理作用）,（写下你的体会：配伍、方剂、临床思路等）,平肝息风药/息风止痉药/珍珠.md
97,羚羊角,平肝息风药,息风止痉药,,平肝息风、清肝明目为要,咸，寒,肝、心经,平肝息风；清肝明目；散血解毒,肝风内动，惊痫抽搐；肝阳上亢，头晕目眩；肝火炽盛，头痛目赤；温热病壮热神昏，热毒发斑,煎服，1～3g，单煎2小时以上；磨汁或研粉服，每次0.3～0.6g,脾虚慢惊者忌用,（待补充：主要成分与药理作用）,（写下你的体会：配伍、方剂、临床思路等）,平肝息风药/息风止痉药/羚羊角.md
98,蜈蚣,平肝息风药,息风止痉药,,息风镇痉、通络止痛为要,辛，温；有毒,肝经,息风镇痉；通络止痛；攻毒散结,小儿惊风，抽搐痉挛，中风口歪，半身不遂；破伤风；风湿顽痹，顽固性头痛；疮疡肿毒，瘰疬结核,煎服，3～5g；研末吞服，每次0.6～1g,有毒，孕妇禁用；用量不宜过大,（待补充：主要成分与药理作用）,（写下你的体会：配伍、方剂、临床思路等）,平肝息风药/息风止痉药/蜈蚣.md
99,钩藤,平肝息风药,息风止痉药,,息风定惊、清热平肝为要,甘，凉,肝、心包经,息风定惊；清热平肝,肝风内动，惊痫抽搐；肝阳上亢，头晕目眩；肝火上炎，头痛目赤；小儿惊啼夜啼,煎服，3～12g，后下,无明显禁忌,（待补充：主要成分与药理作用）,（写下你的体会：配伍、方剂、临床思路等）,平肝息风药/息风止痉药/钩藤.md
100,冰片,开窍药,,,开窍醒神、清热止痛为要,辛、苦，微寒,心、脾、肺经,开窍醒神；清热止痛,热病神昏，中风痰厥，中恶昏迷；目赤肿痛，咽喉肿痛，口疮；疮疡肿痛，烧烫伤,入丸散，0.15～0.3g；外用适量，研粉点敷患处,孕妇慎用；气血虚衰者慎用,（待补充：主要成分与药理作用）,（写下你的体会：配伍、方剂、临床思路等）,开窍药/冰片.md
101,安息香,开窍药,,,开窍醒神、行气活血为要,辛、苦，平,心、脾经,开窍醒神；行气活血；止痛,中风痰厥，气郁暴厥，中恶昏迷；心腹疼痛；产后血晕,入丸散，0.3～1.5g；不入煎剂,孕妇慎用；阴虚火旺者慎用,（待补充：主要成分与药理作用）,（写下你的体会：配伍、方剂、临床思路等）,开窍药/安息香.md
102,石菖蒲,开窍药,,,开窍豁痰、醒神益智为要,辛、苦，温,心、胃经,开窍豁痰；醒神益智；化湿开胃,痰蒙清窍，神昏癫痫，健忘失眠；耳鸣耳聋；脘痞不饥，噤口下痢,煎服，3～10g；鲜品加倍,阴虚阳亢、烦躁汗多、滑精者慎用,（待补充：主要成分与药理作用）,（写下你的体会：配伍、方剂、临床思路等）,开窍药/石菖蒲.md
103,苏合香,开窍药,,,开窍醒神、辟秽止痛为要,辛，温,心、脾经,开窍醒神；辟秽止痛,痰迷心窍所致卒然昏倒，牙关紧闭；胸痹心痛，胸闷憋气,入丸散，0.3～1g；不入煎剂,热病神昏、阴虚阳亢者慎用；孕妇慎用,（待补充：主要成分与药理作用）,（写下你的体会：配伍、方剂、临床思路等）,开窍药/苏合香.md
104,麝香,开窍药,,,开窍醒神、活血通经为要,辛，温,心、脾经,开窍醒神；活血通经；消肿止痛,热病神昏，中风痰厥，气郁暴厥，中恶昏迷；经闭癥瘕，难产死胎；胸痹心痛，心腹暴痛；跌打损伤，痹痛，疮疡肿毒,入丸散，0.03～0.1g；不入煎剂；外用适量,孕妇禁用；虚脱证禁用,（待补充：主要成分与药理作用）,（写下你的体会：配伍、方剂、临床思路等）,开窍药/麝香.md
105,升药,拔毒化腐生肌药,,,拔毒、去腐为要,辛，热；有大毒,肺、脾经,拔毒；去腐；生肌,痈疽溃后，脓出不畅，腐肉不去，新肉难生,外用适量，研极细末撒布患处,大毒，只供外用，不可内服；孕妇及体弱者禁用,（待补充：主要成分与药理作用）,（写下你的体会：配伍、方剂、临床思路等）,拔毒化腐生肌药/升药.md
106,炉甘石,拔毒化腐生肌药,,,解毒明目退翳、收湿止痒敛疮为要,甘，平,肝、胃经,解毒明目退翳；收湿止痒敛疮,目赤翳障，目暗不明；溃疡不敛，湿疮湿疹，皮肤瘙痒（外用）,外用适量，水飞点眼或研末撒布,专供外用，不作内服,（待补充：主要成分与药理作用）,（写下你的体会：配伍、方剂、临床思路等）,拔毒化腐生肌药/炉甘石.md
107,砒石,拔毒化腐生肌药,,,外用攻毒杀虫，蚀疮去腐、内服劫痰平喘，截疟为要,辛，大热；大毒,肺、脾、肝经,外用攻毒杀虫，蚀疮去腐；内服劫痰平喘，截疟,瘰疬，痔疮，牙疳，顽癣（外用）；寒痰哮喘（内服）,外用适量，研末撒敷或入膏药；内服入丸散，0.002～0.004g,大毒，内服极须谨慎，孕妇禁用；不可过量久服；忌火煅,（待补充：主要成分与药理作用）,（写下你的体会：配伍、方剂、临床思路等）,拔毒化腐生肌药/砒石.md
108,硼砂,拔毒化腐生肌药,,,外用清热解毒，消肿防腐、内服清肺化痰为要,甘、咸，凉,肺、胃经,外用清热解毒，消肿防腐；内服清肺化痰,咽喉肿痛，口舌生疮，目赤翳障（外用）；痰热咳嗽（内服）,外用适量，研极细末撒布或调敷；内服入丸散，1.5～3g,内服宜慎，不宜过量；脾虚便溏者慎用,（待补充：主要成分与药理作用）,（写下你的体会：配伍、方剂、临床思路等）,拔毒化腐生肌药/硼砂.md
109,轻粉,拔毒化腐生肌药,,,外用杀虫，攻毒，敛疮、内服祛痰消积，逐水通便为要,辛，寒；有毒,大肠、小肠经,外用杀虫，攻毒，敛疮；内服祛痰消积，逐水通便,疥癣，梅毒，疮疡溃烂（外用）；痰涎积滞，水肿鼓胀（内服）,外用适量研末调涂；内服入丸散，0.1～0.2g,有毒，不可过量久服；孕妇、小儿及肝肾功能不全者禁用；内服后须漱口,（待补充：主要成分与药理作用）,（写下你的体会：配伍、方剂、临床思路等）,拔毒化腐生肌药/轻粉.md
110,铅丹,拔毒化腐生肌药,,,外用拔毒生肌，杀虫止痒、内服坠痰镇惊为要,辛、咸，微寒；有毒,心、肝经,外用拔毒生肌，杀虫止痒；内服坠痰镇惊,疮疡溃烂，湿疹瘙痒（外用）；惊痫癫狂（内服）,外用适量，研末撒布或熬膏贴敷；内服入丸散，0.3～0.6g,有毒，不可过量久服；孕妇禁用；不宜长期使用,（待补充：主要成分与药理作用）,（写下你的体会：配伍、方剂、临床思路等）,拔毒化腐生肌药/铅丹.md
111,刺猬皮,收涩药,固精缩尿止带药,,固精缩尿、收敛止血为要,苦、涩，平,肾、胃、大肠经,固精缩尿；收敛止血；化瘀止痛,遗精滑精，遗尿尿频；便血，痔血，崩漏；胃脘疼痛,煎服，3～10g；研末服，1.5～3g,孕妇慎用,（待补充：主要成分与药理作用）,（写下你的体会：配伍、方剂、临床思路等）,收涩药/固精缩尿止带药/刺猬皮.md
112,山茱萸,收涩药,固精缩尿止带药,,补益肝肾、收涩固脱为要,酸、涩，微温,肝、肾经,补益肝肾；收涩固脱,眩晕耳鸣，腰膝酸痛，阳痿遗精，遗尿尿频；大汗不止，体虚欲脱；崩漏带下,煎服，6～12g；急救固脱可用20～30g,素有湿热、小便淋涩者慎用,（待补充：主要成分与药理作用）,（写下你的体会：配伍、方剂、临床思路等）,收涩药/固精缩尿止带药/山茱萸.md
113,桑螵蛸,收涩药,固精缩尿止带药,,固精缩尿、补肾助阳为要,甘、咸，平,肝、肾经,固精缩尿；补肾助阳,遗精滑精，遗尿尿频，小便白浊；肾虚阳痿,煎服，5～10g,阴虚火旺、膀胱湿热者忌用,（待补充：主要成分与药理作用）,（写下你的体会：配伍、方剂、临床思路等）,收涩药/固精缩尿止带药/桑螵蛸.md
114,椿皮,收涩药,固精缩尿止带药,,清热燥湿、收涩止带为要,苦、涩，寒,大肠、肝经,清热燥湿；收涩止带；止泻；止血,赤白带下，湿热泻痢；久泻久痢，便血崩漏,煎服，6～9g；外用适量,脾胃虚寒者慎用,（待补充：主要成分与药理作用）,（写下你的体会：配伍、方剂、临床思路等）,收涩药/固精缩尿止带药/椿皮.md
115,海螵蛸,收涩药,固精缩尿止带药,,收敛止血、涩精止带为要,咸、涩，温,脾、肾经,收敛止血；涩精止带；制酸止痛；收湿敛疮,吐血衄血，崩漏便血，外伤出血；遗精滑精，赤白带下；胃痛吞酸；湿疮湿疹，溃疡不敛（外用）,煎服，6～12g；研末吞服，每次1.5～3g；外用适量,阴虚多热者慎用；大剂量可致便秘,（待补充：主要成分与药理作用）,（写下你的体会：配伍、方剂、临床思路等）,收涩药/固精缩尿止带药/海螵蛸.md
116,芡实,收涩药,固精缩尿止带药,,益肾固精、补脾止泻为要,甘、涩，平,脾、肾经,益肾固精；补脾止泻；除湿止带,肾虚遗精滑精，遗尿尿频；脾虚久泻；白浊，带下,煎服，9～15g,大小便不利者慎用,（待补充：主要成分与药理作用）,（写下你的体会：配伍、方剂、临床思路等）,收涩药/固精缩尿止带药/芡实.md
117,莲子,收涩药,固精缩尿止带药,,补脾止泻、止带为要,甘、涩，平,脾、肾、心经,补脾止泻；止带；益肾涩精；养心安神,脾虚久泻，食欲不振；肾虚遗精，带下；心悸失眠,煎服，6～15g；去心用,中满痞胀、大便燥结者忌用,（待补充：主要成分与药理作用）,（写下你的体会：配伍、方剂、临床思路等）,收涩药/固精缩尿止带药/莲子.md
118,覆盆子,收涩药,固精缩尿止带药,,益肾固精缩尿、养肝明目为要,甘、酸，温,肝、肾、膀胱经,益肾固精缩尿；养肝明目,遗精滑精，遗尿尿频；阳痿早泄，目暗昏花,煎服，6～12g,肾虚有火、小便短涩者慎用,（待补充：主要成分与药理作用）,（写下你的体会：配伍、方剂、临床思路等）,收涩药/固精缩尿止带药/覆盆子.md
119,金樱子,收涩药,固精缩尿止带药,,固精缩尿、固崩止带为要,酸、甘、涩，平,肾、膀胱、大肠经,固精缩尿；固崩止带；涩肠止泻,遗精滑精，遗尿尿频；崩漏带下；久泻久痢,煎服，6～12g,有实火、实邪者忌用,（待补充：主要成分与药理作用）,（写下你的体会：配伍、方剂、临床思路等）,收涩药/固精缩尿止带药/金樱子.md
120,鸡冠花,收涩药,固精缩尿止带药,,收敛止血、止带为要,甘、涩，凉,肝、大肠经,收敛止血；止带；止痢,吐血衄血，崩漏便血，痔血；赤白带下；久痢不止,煎服，6～12g,瘀血阻滞者慎用,（待补充：主要成分与药理作用）,（写下你的体会：配伍、方剂、临床思路等）,收涩药/固精缩尿止带药/鸡冠花.md
121,浮小麦,收涩药,固表止汗药,,固表止汗、益气为要,甘，凉,心经,固表止汗；益气；除热,自汗，盗汗；骨蒸劳热,煎服，15～30g；研末服，3～5g,无汗而烦躁者慎用,（待补充：主要成分与药理作用）,（写下你的体会：配伍、方剂、临床思路等）,收涩药/固表止汗药/浮小麦.md
122,糯稻根须,收涩药,固表止汗药,,固表止汗、益胃生津为要,甘，平,心、肝经,固表止汗；益胃生津；退虚热,自汗，盗汗；虚热不退，骨蒸潮热,煎服，15～30g,无明显禁忌,（待补充：主要成分与药理作用）,（写下你的体会：配伍、方剂、临床思路等）,收涩药/固表止汗药/糯稻根须.md
123,麻黄根,收涩药,固表止汗药,,固表止汗为要,甘、微涩，平,心、肺经,固表止汗,自汗，盗汗,煎服，3～9g；外用适量研粉撒扑,有表邪者忌用,（待补充：主要成分与药理作用）,（写下你的体会：配伍、方剂、临床思路等）,收涩药/固表止汗药/麻黄根.md
124,乌梅,收涩药,敛肺涩肠药,,敛肺、涩肠为要,酸、涩，平,肝、脾、肺、大肠经,敛肺；涩肠；生津；安蛔,肺虚久咳；久泻久痢；虚热消渴；蛔厥腹痛，呕吐,煎服，6～12g；生津止渴宜生用，止泻止血宜炒炭用,表邪未解、内有实热积滞者慎用,（待补充：主要成分与药理作用）,（写下你的体会：配伍、方剂、临床思路等）,收涩药/敛肺涩肠药/乌梅.md
125,五倍子,收涩药,敛肺涩肠药,,敛肺降火、涩肠止泻为要,酸、涩，寒,肺、大肠、肾经,敛肺降火；涩肠止泻；敛汗止血；收湿敛疮,肺虚久咳，肺热痰嗽；久泻久痢；自汗盗汗；各种出血；疮疡肿毒，湿疮流水（外用）,煎服，3～6g；研末服，每次1～1.5g；外用适量,湿热泻痢者忌用,（待补充：主要成分与药理作用）,（写下你的体会：配伍、方剂、临床思路等）,收涩药/敛肺涩肠药/五倍子.md
126,五味子,收涩药,敛肺涩肠药,,收敛固涩、益气生津为要,酸、甘，温,肺、心、肾经,收敛固涩；益气生津；补肾宁心,久嗽虚喘；梦遗滑精，遗尿尿频；久泻不止；自汗盗汗；津伤口渴，内热消渴；心悸失眠,煎服，2～6g；研末服，每次1～3g,表邪未解、内有实热、咳嗽初起、麻疹初发者忌用,（待补充：主要成分与药理作用）,（写下你的体会：配伍、方剂、临床思路等）,收涩药/敛肺涩肠药/五味子.md
127,石榴皮,收涩药,敛肺涩肠药,,涩肠止泻、止血为要,酸、涩，温,大肠经,涩肠止泻；止血；驱虫,久泻久痢，便血脱肛；崩漏带下；虫积腹痛,煎服，3～10g；止血炒炭用,泻痢初起、实邪未清者忌用；大剂量可致中毒,（待补充：主要成分与药理作用）,（写下你的体会：配伍、方剂、临床思路等）,收涩药/敛肺涩肠药/石榴皮.md
128,罂粟壳,收涩药,敛肺涩肠药,,敛肺、涩肠为要,酸、涩，平；有毒,肺、大肠、肾经,敛肺；涩肠；止痛,久咳虚喘；久泻久痢；心腹及筋骨疼痛,煎服，3～6g；蜜炙或醋炒用,有毒，易成瘾，不宜常服；咳嗽初起、积滞泻痢者忌用；孕妇、儿童禁用,（待补充：主要成分与药理作用）,（写下你的体会：配伍、方剂、临床思路等）,收涩药/敛肺涩肠药/罂粟壳.md
129,诃子,收涩药,敛肺涩肠药,,涩肠止泻、敛肺止咳为要,苦、酸、涩，平,肺、大肠经,涩肠止泻；敛肺止咳；降火利咽,久泻久痢，便血脱肛；肺虚喘咳，久咳失音,煎服，3～10g；涩肠止泻宜煨用，敛肺利咽宜生用,外邪未解、内有湿热积滞者慎用,（待补充：主要成分与药理作用）,（写下你的体会：配伍、方剂、临床思路等）,收涩药/敛肺涩肠药/诃子.md
130,土荆皮,攻毒杀虫止痒药,,,杀虫、疗癣为要,辛，温；有毒,肺、脾经,杀虫；疗癣；止痒,体癣、手足癣、头癣等一切癣证,外用适量，醋浸或酒浸涂擦，或研末调涂,有毒，只供外用，不可内服,（待补充：主要成分与药理作用）,（写下你的体会：配伍、方剂、临床思路等）,攻毒杀虫止痒药/土荆皮.md
131,大蒜,攻毒杀虫止痒药,,,解毒杀虫、消肿为要,辛，温,脾、胃、肺经,解毒杀虫；消肿；止痢,痈肿疮毒，疥癣（外用）；痢疾泄泻，肺痨咳嗽；钩虫、蛲虫病,生食、绞汁服或煎服，6～12g；外用适量,阴虚火旺、目疾、口齿病者慎用；不宜空腹生食,（待补充：主要成分与药理作用）,（写下你的体会：配伍、方剂、临床思路等）,攻毒杀虫止痒药/大蒜.md
132,木鳖子,攻毒杀虫止痒药,,,散结消肿、攻毒疗疮为要,苦、微甘，凉；有毒,肝、脾、胃经,散结消肿；攻毒疗疮,疮疡肿毒，瘰疬乳痈，痔漏，干癣（外用为主）,内服入丸散，0.9～1.2g；外用适量,有毒，孕妇及体虚者忌用,（待补充：主要成分与药理作用）,（写下你的体会：配伍、方剂、临床思路等）,攻毒杀虫止痒药/木鳖子.md
133,樟脑,攻毒杀虫止痒药,,,除湿杀虫、温散止痛为要,辛，热；有毒,心、脾经,除湿杀虫；温散止痛；开窍辟秽,疥癣瘙痒，湿疮溃烂（外用）；跌打伤痛，牙痛（外用）；痧胀腹痛，吐泻神昏,外用适量；内服入丸散，0.1～0.2g,有毒，内服宜慎，孕妇禁用；气虚者忌服,（待补充：主要成分与药理作用）,（写下你的体会：配伍、方剂、临床思路等）,攻毒杀虫止痒药/樟脑.md
134,白矾,攻毒杀虫止痒药,,,外用解毒杀虫，燥湿止痒、内服止血止泻，祛除风痰为要,酸、涩，寒,肺、脾、肝、大肠经,外用解毒杀虫，燥湿止痒；内服止血止泻，祛除风痰,湿疹瘙痒，疥癣（外用）；便血崩漏，久泻久痢；癫痫发狂,内服入丸散，0.6～1.5g；外用适量,体虚胃弱、无湿热痰火者忌用；不宜过量久服,（待补充：主要成分与药理作用）,（写下你的体会：配伍、方剂、临床思路等）,攻毒杀虫止痒药/白矾.md
135,硫黄,攻毒杀虫止痒药,,,外用解毒杀虫疗疮、内服补火助阳通便为要,酸，温；有毒,肾、大肠经,外用解毒杀虫疗疮；内服补火助阳通便,疥癣，秃疮，阴疽恶疮（外用）；阳痿足冷，虚喘冷哮，虚寒便秘（内服）,外用适量，研末油调涂敷；内服入丸散，1.5～3g，炮制后服,有毒，孕妇禁用；阴虚火旺者忌用；不宜与朴硝同用,（待补充：主要成分与药理作用）,（写下你的体会：配伍、方剂、临床思路等）,攻毒杀虫止痒药/硫黄.md
136,蛇床子,攻毒杀虫止痒药,,,燥湿祛风、杀虫止痒为要,辛、苦，温；有小毒,肾经,燥湿祛风；杀虫止痒；温肾壮阳,阴痒带下，湿疹疥癣（外用）；肾虚阳痿，宫冷不孕；寒湿带下，湿痹腰痛,煎服，3～10g；外用适量，煎汤熏洗或研末调敷,有小毒，阴虚火旺或下焦有湿热者不宜内服,（待补充：主要成分与药理作用）,（写下你的体会：配伍、方剂、临床思路等）,攻毒杀虫止痒药/蛇床子.md
137,蜂房,攻毒杀虫止痒药,,,攻毒杀虫、祛风止痛为要,甘，平；有毒,胃经,攻毒杀虫；祛风止痛,疮疡肿毒，乳痈，瘰疬，顽癣瘙痒；风湿痹痛，牙痛,煎服，3～5g；外用适量，研末油调敷,有毒，气血虚弱者慎用；肾功能不全者忌用,（待补充：主要成分与药理作用）,（写下你的体会：配伍、方剂、临床思路等）,攻毒杀虫止痒药/蜂房.md
138,蟾酥,攻毒杀虫止痒药,,,解毒、止痛为要,辛，温；有毒,心经,解毒；止痛；开窍醒神,痈疽疔疮，咽喉肿痛，龋齿疼痛；中暑昏厥，吐泻腹痛,入丸散，0.015～0.03g；外用适量,有毒，内服切勿过量；孕妇禁用；外用不可入目,（待补充：主要成分与药理作用）,（写下你的体会：配伍、方剂、临床思路等）,攻毒杀虫止痒药/蟾酥.md
139,雄黄,攻毒杀虫止痒药,,,解毒杀虫、燥湿祛痰为要,辛，温；有毒,肝、大肠经,解毒杀虫；燥湿祛痰；截疟,痈肿疔疮，蛇虫咬伤；虫积腹痛；疥癣；疟疾；哮喘,入丸散，0.05～0.1g；外用适量，熏涂患处,有毒，内服宜慎，不可过量久服；孕妇禁用；忌火煅,（待补充：主要成分与药理作用）,（写下你的体会：配伍、方剂、临床思路等）,攻毒杀虫止痒药/雄黄.md
140,侧柏叶,止血药,凉血止血药,,凉血止血、化痰止咳为要,苦、涩，寒,肺、肝、脾经,凉血止血；化痰止咳；生发乌发,血热出血证（吐血、衄血、咯血、便血、崩漏）；肺热咳嗽；血热脱发，须发早白,煎服，6～12g；外用适量,虚寒性出血者慎用,（待补充：主要成分与药理作用）,（写下你的体会：配伍、方剂、临床思路等）,止血药/凉血止血药/侧柏叶.md
141,地榆,止血药,凉血止血药,,凉血止血、解毒敛疮为要,苦、酸、涩，微寒,肝、大肠经,凉血止血；解毒敛疮,便血，痔血，血痢，崩漏；水火烫伤，痈肿疮毒,煎服，9～15g；外用适量,大面积烧烫伤不宜外涂以防中毒；虚寒性出血者慎用,（待补充：主要成分与药理作用）,（写下你的体会：配伍、方剂、临床思路等）,止血药/凉血止血药/地榆.md
142,大蓟,止血药,凉血止血药,,凉血止血、散瘀解毒消痈为要,甘、苦，凉,心、肝经,凉血止血；散瘀解毒消痈,血热妄行之吐血、咯血、衄血、崩漏、尿血；痈肿疮毒,煎服，9～15g；外用适量,脾胃虚寒者慎用,（待补充：主要成分与药理作用）,（写下你的体会：配伍、方剂、临床思路等）,止血药/凉血止血药/大蓟.md
143,小蓟,止血药,凉血止血药,,凉血止血、散瘀解毒消痈为要,甘、苦，凉,心、肝经,凉血止血；散瘀解毒消痈,血热妄行之吐血、衄血、尿血、血淋、便血、崩漏；热毒疮痈,煎服，5～12g；外用适量,脾胃虚寒者慎用,（待补充：主要成分与药理作用）,（写下你的体会：配伍、方剂、临床思路等）,止血药/凉血止血药/小蓟.md
144,槐花,止血药,凉血止血药,,凉血止血、清肝泻火为要,苦，微寒,肝、大肠经,凉血止血；清肝泻火,便血，痔血，血痢，崩漏，吐血衄血；肝热目赤，头痛眩晕,煎服，5～10g；止血炒炭用，清热泻火生用,脾胃虚寒者慎用,（待补充：主要成分与药理作用）,（写下你的体会：配伍、方剂、临床思路等）,止血药/凉血止血药/槐花.md
145,白茅根,止血药,凉血止血药,,凉血止血、清热利尿为要,甘，寒,肺、胃、膀胱经,凉血止血；清热利尿,血热出血证（吐血、衄血、尿血）；热淋，水肿，小便不利；热病烦渴，肺热咳嗽,煎服，9～30g；鲜品加倍,脾胃虚寒者慎用,（待补充：主要成分与药理作用）,（写下你的体会：配伍、方剂、临床思路等）,止血药/凉血止血药/白茅根.md
146,羊蹄,止血药,凉血止血药,,凉血止血、解毒杀虫为要,苦、涩，寒,心、肝、大肠经,凉血止血；解毒杀虫；泻下,血热出血证；疥癣疮疡（外用）；便秘,煎服，10～15g；外用适量,脾胃虚寒者慎用,（待补充：主要成分与药理作用）,（写下你的体会：配伍、方剂、临床思路等）,止血药/凉血止血药/羊蹄.md
147,苎麻根,止血药,凉血止血药,,凉血止血、安胎为要,甘，寒,心、肝经,凉血止血；安胎；清热解毒,血热出血证；胎动不安，胎漏下血；热毒痈肿,煎服，10～30g,无明显禁忌,（待补充：主要成分与药理作用）,（写下你的体会：配伍、方剂、临床思路等）,止血药/凉血止血药/苎麻根.md
148,三七,止血药,化瘀止血药,,散瘀止血、消肿定痛为要,甘、微苦，温,肝、胃经,散瘀止血；消肿定痛,咯血、吐血、衄血、便血、崩漏、外伤出血；胸腹刺痛，跌打肿痛,研末吞服，1～3g；煎服，3～9g；外用适量,孕妇慎用；血虚无瘀者慎用,（待补充：主要成分与药理作用）,（写下你的体会：配伍、方剂、临床思路等）,止血药/化瘀止血药/三七.md
149,花蕊石,止血药,化瘀止血药,,化瘀止血为要,酸、涩，平,肝经,化瘀止血,咯血、吐血、衄血、便血、崩漏、外伤出血,研末吞服，每次1～3g；外用适量,孕妇慎用,（待补充：主要成分与药理作用）,（写下你的体会：配伍、方剂、临床思路等）,止血药/化瘀止血药/花蕊石.md
150,茜草,止血药,化瘀止血药,,凉血、祛瘀为要,苦，寒,肝经,凉血；祛瘀；止血；通经,血热出血证；瘀血经闭，跌打损伤；风湿痹痛,煎服，6～10g；止血炒炭用，活血生用,脾胃虚寒、无瘀滞者慎用,（待补充：主要成分与药理作用）,（写下你的体会：配伍、方剂、临床思路等）,止血药/化瘀止血药/茜草.md
151,蒲黄,止血药,化瘀止血药,,止血、化瘀为要,甘，平,肝、心包经,止血；化瘀；通淋,各种出血证（吐血、衄血、咯血、崩漏、外伤出血）；瘀血痛证，心腹刺痛，痛经；血淋涩痛,煎服，3～10g，包煎；外用适量,孕妇慎用,（待补充：主要成分与药理作用）,（写下你的体会：配伍、方剂、临床思路等）,止血药/化瘀止血药/蒲黄.md
152,降香,止血药,化瘀止血药,,化瘀止血、理气止痛为要,辛，温,肝、脾经,化瘀止血；理气止痛,瘀血性出血证；胸胁刺痛，跌打损伤,煎服，3～6g，后下；研末吞服1～2g,阴虚火旺、血热妄行者慎用,（待补充：主要成分与药理作用）,（写下你的体会：配伍、方剂、临床思路等）,止血药/化瘀止血药/降香.md
153,仙鹤草,止血药,收敛止血药,,收敛止血、止痢为要,苦、涩，平,心、肝经,收敛止血；止痢；截疟；补虚,各种出血证；腹泻痢疾；疟疾寒热；脱力劳伤,煎服，6～12g；大剂量可用至30～60g,无明显禁忌,（待补充：主要成分与药理作用）,（写下你的体会：配伍、方剂、临床思路等）,止血药/收敛止血药/仙鹤草.md
154,棕榈炭,止血药,收敛止血药,,收敛止血为要,苦、涩，平,肺、肝、大肠经,收敛止血,吐血、衄血、尿血、便血、崩漏,煎服，3～9g,出血兼瘀滞者慎用,（待补充：主要成分与药理作用）,（写下你的体会：配伍、方剂、临床思路等）,止血药/收敛止血药/棕榈炭.md
155,白及,止血药,收敛止血药,,收敛止血、消肿生肌为要,苦、甘、涩，微寒,肺、胃、肝经,收敛止血；消肿生肌,咯血、吐血、衄血、外伤出血；疮疡肿毒，溃疡久不收口；肺痨咯血,煎服，6～15g；研末吞服，3～6g；外用适量,不宜与乌头类同用；外感咳血、肺痈初起者慎用,（待补充：主要成分与药理作用）,（写下你的体会：配伍、方剂、临床思路等）,止血药/收敛止血药/白及.md
156,藕节,止血药,收敛止血药,,收敛止血、化瘀为要,甘、涩，平,肝、肺、胃经,收敛止血；化瘀,吐血、咯血、衄血、尿血、便血、崩漏,煎服，9～15g；鲜品30～60g捣汁用；炒炭用收敛止血力强,无明显禁忌,（待补充：主要成分与药理作用）,（写下你的体会：配伍、方剂、临床思路等）,止血药/收敛止血药/藕节.md
157,血余炭,止血药,收敛止血药,,收敛止血、化瘀利尿为要,苦，平,心、肝、肾经,收敛止血；化瘀利尿,各种出血证（吐血、咯血、衄血、便血、崩漏、尿血）；小便不利,煎服，3～6g；研末服，每次1.5～3g,胃弱者慎服,（待补充：主要成分与药理作用）,（写下你的体会：配伍、方剂、临床思路等）,止血药/收敛止血药/血余炭.md
158,灶心土,止血药,温经止血药,,温中止血、止呕为要,辛，温,脾、胃经,温中止血；止呕；止泻,虚寒性吐血、便血、崩漏；胃寒呕吐；脾虚久泻,煎服，15～30g，布包先煎；或用60～120g煎汤代水,阴虚火旺、热证出血者忌用,（待补充：主要成分与药理作用）,（写下你的体会：配伍、方剂、临床思路等）,止血药/温经止血药/灶心土.md
159,炮姜,止血药,温经止血药,,温经止血、温中止痛为要,苦、涩，温,脾、肝经,温经止血；温中止痛,虚寒性吐血、便血、崩漏；脾胃虚寒，腹痛吐泻,煎服，3～6g,热证出血、阴虚火旺者忌用,（待补充：主要成分与药理作用）,（写下你的体会：配伍、方剂、临床思路等）,止血药/温经止血药/炮姜.md
160,艾叶,止血药,温经止血药,,温经止血、散寒止痛为要,辛、苦，温；有小毒,肝、脾、肾经,温经止血；散寒止痛；外用祛湿止痒,虚寒性出血（崩漏、月经过多）；下焦虚寒，脘腹冷痛，痛经；湿疹瘙痒（外用）,煎服，3～9g；外用适量，可艾灸,有小毒，不宜过量久服；阴虚血热者慎用,（待补充：主要成分与药理作用）,（写下你的体会：配伍、方剂、临床思路等）,止血药/温经止血药/艾叶.md
161,京大戟,泻下药,峻下逐水药,,泻水逐饮、消肿散结为要,苦，寒；有毒,肺、脾、肾经,泻水逐饮；消肿散结,水肿胀满，胸腹积水；痰饮积聚；痈肿疮毒，瘰疬痰核,煎服，1.5～3g；入丸散服，每次1g,有毒，孕妇禁用；体虚者慎用；不宜与甘草同用,（待补充：主要成分与药理作用）,（写下你的体会：配伍、方剂、临床思路等）,泻下药/峻下逐水药/京大戟.md
162,商陆,泻下药,峻下逐水药,,泻下逐水、消肿散结为要,苦，寒；有毒,肺、脾、肾、大肠经,泻下逐水；消肿散结,水肿胀满，二便不利；疮疡肿毒,煎服，3～9g；醋制可减低毒性,有毒，孕妇禁用；脾虚水肿者忌用,（待补充：主要成分与药理作用）,（写下你的体会：配伍、方剂、临床思路等）,泻下药/峻下逐水药/商陆.md
163,巴豆霜,泻下药,峻下逐水药,,峻下冷积、逐水退肿为要,辛，热；大毒,胃、大肠经,峻下冷积；逐水退肿；豁痰利咽；外用蚀疮,寒积便秘，腹满胀痛；喉痹痰阻；寒实结胸；恶疮疥癣,入丸散服，0.1～0.3g；外用适量,大毒，孕妇禁用；不宜与牵牛子同用,（待补充：主要成分与药理作用）,（写下你的体会：配伍、方剂、临床思路等）,泻下药/峻下逐水药/巴豆霜.md
164,牵牛子,泻下药,峻下逐水药,,泻水通便、消痰涤饮为要,苦，寒；有毒,肺、肾、大肠经,泻水通便；消痰涤饮；杀虫攻积,水肿胀满，二便不通；痰饮喘咳；虫积腹痛,煎服，3～9g，打碎；入丸散服，每次1.5～3g,有毒，孕妇禁用；不宜与巴豆同用,（待补充：主要成分与药理作用）,（写下你的体会：配伍、方剂、临床思路等）,泻下药/峻下逐水药/牵牛子.md
165,甘遂,泻下药,峻下逐水药,,泻水逐饮、消肿散结为要,苦，寒；有毒,肺、肾、大肠经,泻水逐饮；消肿散结,水肿，鼓胀，胸胁停饮；风痰癫痫；疮痈肿毒,入丸散服，0.5～1g；醋制可降低毒性,有毒，孕妇禁用；体虚者忌用；不宜与甘草同用,（待补充：主要成分与药理作用）,（写下你的体会：配伍、方剂、临床思路等）,泻下药/峻下逐水药/甘遂.md
166,芫花,泻下药,峻下逐水药,,泻水逐饮、祛痰止咳为要,苦、辛，温；有毒,肺、脾、肾经,泻水逐饮；祛痰止咳；杀虫疗疮,胸胁停饮，水肿鼓胀；咳嗽痰喘；头疮、白秃、顽癣,煎服，1.5～3g；入丸散服，每次0.6g；外用适量,有毒，孕妇禁用；不宜与甘草同用,（待补充：主要成分与药理作用）,（写下你的体会：配伍、方剂、临床思路等）,泻下药/峻下逐水药/芫花.md
167,大黄,泻下药,攻下药,,泻下攻积、清热泻火为要,苦，寒,脾、胃、大肠、肝、心包经,泻下攻积；清热泻火；凉血解毒；逐瘀通经；利湿退黄,积滞便秘；血热吐衄，目赤咽肿；热毒疮疡，烧烫伤；瘀血证；湿热痢疾，黄疸，淋证,煎服，3～15g，后下或开水泡服；泻下攻积宜生用，活血化瘀宜酒制，止血宜炒炭,脾胃虚弱者慎用；妇女妊娠期、月经期、哺乳期应慎用,（待补充：主要成分与药理作用）,（写下你的体会：配伍、方剂、临床思路等）,泻下药/攻下药/大黄.md
168,番泻叶,泻下药,攻下药,,泻热行滞、通便为要,甘、苦，寒,大肠经,泻热行滞；通便；利水,热结积滞，便秘腹痛；水肿胀满,温水泡服，2～6g；煎服须后下，2～6g,孕妇、哺乳期、月经期及痔疮出血者慎用,（待补充：主要成分与药理作用）,（写下你的体会：配伍、方剂、临床思路等）,泻下药/攻下药/番泻叶.md
169,芒硝,泻下药,攻下药,,泻下通便、润燥软坚为要,咸、苦，寒,胃、大肠经,泻下通便；润燥软坚；清火消肿,实热积滞，大便燥结；咽痛口疮，目赤肿痛，痈疮肿痛,冲入药汁或开水溶化后服，6～12g；外用适量,孕妇及哺乳期妇女忌用；不宜与三棱同用,（待补充：主要成分与药理作用）,（写下你的体会：配伍、方剂、临床思路等）,泻下药/攻下药/芒硝.md
170,芦荟,泻下药,攻下药,,泻下通便、清肝为要,苦，寒,肝、胃、大肠经,泻下通便；清肝；杀虫,热结便秘；肝经实火，烦躁惊痫；小儿疳积,入丸散服，2～5g；不入煎剂,孕妇慎用；脾胃虚弱者慎用,（待补充：主要成分与药理作用）,（写下你的体会：配伍、方剂、临床思路等）,泻下药/攻下药/芦荟.md
171,松子仁,泻下药,润下药,,润肠通便、润肺止咳为要,甘，温,肺、肝、大肠经,润肠通便；润肺止咳,肠燥便秘；肺燥干咳,煎服，5～10g,脾虚便溏、痰湿盛者慎用,（待补充：主要成分与药理作用）,（写下你的体会：配伍、方剂、临床思路等）,泻下药/润下药/松子仁.md
172,火麻仁,泻下药,润下药,,润肠通便为要,甘，平,脾、胃、大肠经,润肠通便,肠燥便秘；老人、产妇及体弱津血不足者便秘,煎服，10～15g，打碎先煎,大量食用可致中毒（恶心、呕吐、腹泻）,（待补充：主要成分与药理作用）,（写下你的体会：配伍、方剂、临床思路等）,泻下药/润下药/火麻仁.md
173,郁李仁,泻下药,润下药,,润肠通便、下气利水为要,辛、苦、甘，平,脾、大肠、小肠经,润肠通便；下气利水,肠燥便秘；水肿胀满，脚气浮肿,煎服，6～10g，打碎,孕妇慎用,（待补充：主要成分与药理作用）,（写下你的体会：配伍、方剂、临床思路等）,泻下药/润下药/郁李仁.md
174,乳香,活血化瘀药,活血止痛药,,活血定痛、消肿生肌为要,辛、苦，温,心、肝、脾经,活血定痛；消肿生肌,瘀血阻滞诸痛（胸痹心痛、胃脘疼痛、痛经、跌打伤痛）；疮疡溃破久不收口,煎服，3～5g；入丸散服；外用适量,孕妇及无瘀滞者忌用；胃弱者慎用,（待补充：主要成分与药理作用）,（写下你的体会：配伍、方剂、临床思路等）,活血化瘀药/活血止痛药/乳香.md
175,五灵脂,活血化瘀药,活血止痛药,,活血止痛、化瘀止血为要,苦、咸、甘，温,肝经,活血止痛；化瘀止血,瘀血阻滞诸痛（胸痹、胃脘痛、痛经、产后腹痛）；瘀血出血,煎服，3～10g，包煎,孕妇慎用；不宜与人参同用；血虚无瘀者忌用,（待补充：主要成分与药理作用）,（写下你的体会：配伍、方剂、临床思路等）,活血化瘀药/活血止痛药/五灵脂.md
176,夏天无,活血化瘀药,活血止痛药,,活血止痛、舒筋活络为要,苦、微辛，温,肝经,活血止痛；舒筋活络；祛风除湿,中风偏瘫，头痛，跌扑损伤；风湿痹痛，腰腿疼痛,煎服，6～12g；研末服，每次1～3g,孕妇慎用,（待补充：主要成分与药理作用）,（写下你的体会：配伍、方剂、临床思路等）,活血化瘀药/活血止痛药/夏天无.md
177,姜黄,活血化瘀药,活血止痛药,,破血行气、通经止痛为要,辛、苦，温,脾、肝经,破血行气；通经止痛,胸胁刺痛，痛经经闭，癥瘕；风湿肩臂疼痛，跌打肿痛,煎服，3～10g；外用适量,孕妇慎用,（待补充：主要成分与药理作用）,（写下你的体会：配伍、方剂、临床思路等）,活血化瘀药/活血止痛药/姜黄.md
178,川芎,活血化瘀药,活血止痛药,,活血行气、祛风止痛为要,辛，温,肝、胆、心包经,活血行气；祛风止痛,血瘀气滞诸痛（胸痹心痛、胁肋胀痛、痛经经闭、跌打损伤）；头痛、风湿痹痛,煎服，3～10g,阴虚火旺、多汗、月经过多者慎用,（待补充：主要成分与药理作用）,（写下你的体会：配伍、方剂、临床思路等）,活血化瘀药/活血止痛药/川芎.md
179,延胡索,活血化瘀药,活血止痛药,,活血、行气为要,辛、苦，温,肝、脾、心经,活血；行气；止痛,气血瘀滞之胸胁脘腹疼痛，痛经，产后瘀阻，跌打损伤,煎服，3～10g；研末吞服，每次1.5～3g；醋制止痛力强,孕妇慎用,（待补充：主要成分与药理作用）,（写下你的体会：配伍、方剂、临床思路等）,活血化瘀药/活血止痛药/延胡索.md
180,没药,活血化瘀药,活血止痛药,,散瘀定痛、消肿生肌为要,辛、苦，平,心、肝、脾经,散瘀定痛；消肿生肌,瘀血阻滞诸痛；疮疡肿痛，溃后不敛,煎服，3～5g；外用适量,孕妇及无瘀滞者忌用,（待补充：主要成分与药理作用）,（写下你的体会：配伍、方剂、临床思路等）,活血化瘀药/活血止痛药/没药.md
181,郁金,活血化瘀药,活血止痛药,,活血止痛、行气解郁为要,辛、苦，寒,肝、胆、心经,活血止痛；行气解郁；清心凉血；利胆退黄,胸胁刺痛，痛经经闭，癥瘕痞块；热病神昏，癫痫痰闭；吐血衄血，倒经；黄疸尿赤,煎服，3～10g,不宜与丁香同用；孕妇慎用,（待补充：主要成分与药理作用）,（写下你的体会：配伍、方剂、临床思路等）,活血化瘀药/活血止痛药/郁金.md
182,儿茶,活血化瘀药,活血疗伤药,,活血止痛、止血生肌为要,苦、涩，微寒,肺、心经,活血止痛；止血生肌；收湿敛疮；清肺化痰,跌打伤痛，外伤出血；疮疡不敛，湿疹湿疮；肺热咳嗽,煎服，1～3g，包煎；研末服，0.5～1g；外用适量,无明显禁忌,（待补充：主要成分与药理作用）,（写下你的体会：配伍、方剂、临床思路等）,活血化瘀药/活血疗伤药/儿茶.md
183,刘寄奴,活血化瘀药,活血疗伤药,,散瘀止痛、疗伤止血为要,苦，温,心、肝、脾经,散瘀止痛；疗伤止血；破血通经；消食化积,跌打损伤，瘀滞肿痛；外伤出血；血瘀经闭，产后瘀阻腹痛；食积腹痛,煎服，3～10g；外用适量,孕妇忌用,（待补充：主要成分与药理作用）,（写下你的体会：配伍、方剂、临床思路等）,活血化瘀药/活血疗伤药/刘寄奴.md
184,土鳖虫,活血化瘀药,活血疗伤药,,破血逐瘀、续筋接骨为要,咸，寒；有小毒,肝经,破血逐瘀；续筋接骨,跌打损伤，筋伤骨折，瘀肿疼痛；血瘀经闭，产后瘀阻腹痛，癥瘕痞块,煎服，3～10g；研末服，每次1～1.5g,有小毒，孕妇忌用,（待补充：主要成分与药理作用）,（写下你的体会：配伍、方剂、临床思路等）,活血化瘀药/活血疗伤药/土鳖虫.md
185,自然铜,活血化瘀药,活血疗伤药,,散瘀止痛、接骨疗伤为要,辛，平,肝经,散瘀止痛；接骨疗伤,跌打损伤，筋断骨折，瘀肿疼痛,煎服，3～9g；研末服，每次0.3g；醋淬用,不宜久服；阴虚火旺、血虚无瘀者慎用,（待补充：主要成分与药理作用）,（写下你的体会：配伍、方剂、临床思路等）,活血化瘀药/活血疗伤药/自然铜.md
186,苏木,活血化瘀药,活血疗伤药,,活血祛瘀、消肿止痛为要,甘、咸、微辛，平,心、肝、脾经,活血祛瘀；消肿止痛,跌打损伤，瘀滞肿痛；经闭痛经，产后瘀阻，心腹刺痛,煎服，3～9g,孕妇忌用,（待补充：主要成分与药理作用）,（写下你的体会：配伍、方剂、临床思路等）,活血化瘀药/活血疗伤药/苏木.md
187,血竭,活血化瘀药,活血疗伤药,,活血定痛、化瘀止血为要,甘、咸，平,心、肝经,活血定痛；化瘀止血；生肌敛疮,跌打损伤，瘀血肿痛；外伤出血；疮疡不敛,研末服，每次1～2g；外用适量,孕妇及月经期慎用；无瘀血者不宜,（待补充：主要成分与药理作用）,（写下你的体会：配伍、方剂、临床思路等）,活血化瘀药/活血疗伤药/血竭.md
188,马钱子,活血化瘀药,活血疗伤药,,通络止痛、散结消肿为要,苦，寒；大毒,肝、脾经,通络止痛；散结消肿,风湿顽痹，麻木瘫痪；跌打损伤，骨折肿痛；痈疽疮毒，咽喉肿痛,制后入丸散，0.3～0.6g；外用适量,大毒，内服须炮制且宜慎；孕妇禁用；不宜过量久服,（待补充：主要成分与药理作用）,（写下你的体会：配伍、方剂、临床思路等）,活血化瘀药/活血疗伤药/马钱子.md
189,骨碎补,活血化瘀药,活血疗伤药,,疗伤止痛、补肾强骨为要,苦，温,肝、肾经,疗伤止痛；补肾强骨；外用消风祛斑,跌扑闪挫，筋骨折伤；肾虚腰痛，耳鸣耳聋，牙齿松动；斑秃、白癜风（外用）,煎服，3～9g；外用适量,阴虚内热者慎用,（待补充：主要成分与药理作用）,（写下你的体会：配伍、方剂、临床思路等）,活血化瘀药/活血疗伤药/骨碎补.md
190,丹参,活血化瘀药,活血调经药,,活血祛瘀、通经止痛为要,苦，微寒,心、肝经,活血祛瘀；通经止痛；清心除烦；凉血消痈,胸痹心痛，脘腹胁痛，癥瘕积聚；月经不调，痛经经闭；疮疡肿痛；心烦不眠,煎服，10～15g,不宜与藜芦同用；孕妇慎用,（待补充：主要成分与药理作用）,（写下你的体会：配伍、方剂、临床思路等）,活血化瘀药/活血调经药/丹参.md
191,凌霄花,活血化瘀药,活血调经药,,活血通经、凉血祛风为要,甘、酸，寒,肝、心包经,活血通经；凉血祛风,血瘀经闭，癥瘕；皮肤瘙痒，风疹,煎服，5～9g；外用适量,孕妇忌用；气血虚弱者慎用,（待补充：主要成分与药理作用）,（写下你的体会：配伍、方剂、临床思路等）,活血化瘀药/活血调经药/凌霄花.md
192,月季花,活血化瘀药,活血调经药,,活血调经、疏肝解郁为要,甘，温,肝经,活血调经；疏肝解郁,月经不调，痛经经闭；胸胁胀痛,煎服，3～6g；不宜久煎,孕妇慎用,（待补充：主要成分与药理作用）,（写下你的体会：配伍、方剂、临床思路等）,活血化瘀药/活血调经药/月季花.md
193,桃仁,活血化瘀药,活血调经药,,活血祛瘀、润肠通便为要,苦、甘，平；有小毒,心、肝、大肠经,活血祛瘀；润肠通便；止咳平喘,经闭痛经，癥瘕痞块，跌打损伤；肠燥便秘；肺痈肠痈；咳嗽气喘,煎服，5～10g，捣碎,有小毒，孕妇慎用；便溏者慎用,（待补充：主要成分与药理作用）,（写下你的体会：配伍、方剂、临床思路等）,活血化瘀药/活血调经药/桃仁.md
194,泽兰,活血化瘀药,活血调经药,,活血调经、祛瘀消痈为要,苦、辛，微温,肝、脾经,活血调经；祛瘀消痈；利水消肿,血瘀经闭痛经，产后腹痛；跌打损伤，痈肿疮毒；水肿腹水,煎服，6～12g,无瘀滞者慎用,（待补充：主要成分与药理作用）,（写下你的体会：配伍、方剂、临床思路等）,活血化瘀药/活血调经药/泽兰.md
195,牛膝,活血化瘀药,活血调经药,,逐瘀通经、补肝肾为要,苦、甘、酸，平,肝、肾经,逐瘀通经；补肝肾；强筋骨；利尿通淋；引血下行,经闭痛经，产后腹痛，跌打损伤；腰膝酸痛，筋骨无力；淋证水肿，小便不利；头痛眩晕，齿龈肿痛，吐血衄血,煎服，5～12g；活血通经、引血下行宜生用，补肝肾强筋骨宜酒炙,孕妇慎用；梦遗滑精者慎用,（待补充：主要成分与药理作用）,（写下你的体会：配伍、方剂、临床思路等）,活血化瘀药/活血调经药/牛膝.md
196,王不留行,活血化瘀药,活血调经药,,活血通经、下乳消肿为要,苦，平,肝、胃经,活血通经；下乳消肿；利尿通淋,血瘀经闭，痛经；产后乳汁不下，乳痈肿痛；淋证涩痛,煎服，5～10g,孕妇慎用,（待补充：主要成分与药理作用）,（写下你的体会：配伍、方剂、临床思路等）,活血化瘀药/活血调经药/王不留行.md
197,益母草,活血化瘀药,活血调经药,,活血调经、利尿消肿为要,苦、辛，微寒,肝、心包、膀胱经,活血调经；利尿消肿；清热解毒,月经不调，痛经经闭，产后瘀滞腹痛；水肿尿少；疮疡肿毒,煎服，9～30g；鲜品加倍,孕妇忌用；阴虚血少者慎用,（待补充：主要成分与药理作用）,（写下你的体会：配伍、方剂、临床思路等）,活血化瘀药/活血调经药/益母草.md
198,红花,活血化瘀药,活血调经药,,活血通经、散瘀止痛为要,辛，温,心、肝经,活血通经；散瘀止痛,血瘀经闭、痛经，产后瘀滞腹痛；癥瘕积聚；胸痹心痛，跌打损伤，瘀滞肿痛,煎服，3～10g,孕妇忌用；有出血倾向者慎用,（待补充：主要成分与药理作用）,（写下你的体会：配伍、方剂、临床思路等）,活血化瘀药/活血调经药/红花.md
199,西红花,活血化瘀药,活血调经药,,活血化瘀、凉血解毒为要,甘，微寒,心、肝经,活血化瘀；凉血解毒；解郁安神,经闭癥瘕，产后瘀阻；温毒发斑；忧郁痞闷，惊悸发狂,煎服（泡服），1～3g,孕妇忌用,（待补充：主要成分与药理作用）,（写下你的体会：配伍、方剂、临床思路等）,活血化瘀药/活血调经药/西红花.md
200,鸡血藤,活血化瘀药,活血调经药,,活血补血、调经止痛为要,苦、甘，温,肝、肾经,活血补血；调经止痛；舒筋活络,月经不调，痛经经闭；风湿痹痛，手足麻木，肢体瘫痪，血虚萎黄,煎服，9～15g,无明显禁忌,（待补充：主要成分与药理作用）,（写下你的体会：配伍、方剂、临床思路等）,活血化瘀药/活血调经药/鸡血藤.md
201,三棱,活血化瘀药,破血消癥药,,破血行气、消积止痛为要,辛、苦，平,肝、脾经,破血行气；消积止痛,癥瘕痞块，瘀血经闭；食积胀痛,煎服，5～10g；醋制增强止痛,孕妇忌用；月经过多者忌用；不宜与芒硝、玄明粉同用,（待补充：主要成分与药理作用）,（写下你的体会：配伍、方剂、临床思路等）,活血化瘀药/破血消癥药/三棱.md
202,斑蝥,活血化瘀药,破血消癥药,,破血逐瘀、散结消癥为要,辛，热；大毒,肝、胃、肾经,破血逐瘀；散结消癥；攻毒蚀疮,癥瘕积聚；痈疽恶疮，顽癣，瘰疬（外用为主）,内服入丸散，0.03～0.06g；外用适量,大毒，内服宜慎，孕妇禁用；外用不可入目,（待补充：主要成分与药理作用）,（写下你的体会：配伍、方剂、临床思路等）,活血化瘀药/破血消癥药/斑蝥.md
203,水蛭,活血化瘀药,破血消癥药,,破血通经、逐瘀消癥为要,咸、苦，平；有小毒,肝经,破血通经；逐瘀消癥,血瘀经闭，癥瘕积聚；跌打损伤，心腹疼痛,煎服，1～3g；研末吞服，0.3～0.5g,有小毒，孕妇忌用,（待补充：主要成分与药理作用）,（写下你的体会：配伍、方剂、临床思路等）,活血化瘀药/破血消癥药/水蛭.md
204,穿山甲,活血化瘀药,破血消癥药,,活血消癥、通经下乳为要,咸，微寒,肝、胃经,活血消癥；通经下乳；消肿排脓；搜风通络,癥瘕积聚，血瘀经闭；乳汁不通，产后缺乳；痈肿疮毒初起或脓成不溃；风湿痹痛，中风瘫痪,煎服，3～10g；研末服，每次1～1.5g,孕妇忌用；痈肿已溃者忌用,（待补充：主要成分与药理作用）,（写下你的体会：配伍、方剂、临床思路等）,活血化瘀药/破血消癥药/穿山甲.md
205,莪术,活血化瘀药,破血消癥药,,行气破血、消积止痛为要,辛、苦，温,肝、脾经,行气破血；消积止痛,癥瘕痞块，瘀血经闭，胸痹心痛；食积脘腹胀痛,煎服，6～9g；醋制增强止痛,孕妇忌用；月经过多者忌用,（待补充：主要成分与药理作用）,（写下你的体会：配伍、方剂、临床思路等）,活血化瘀药/破血消癥药/莪术.md
206,虻虫,活血化瘀药,破血消癥药,,破血逐瘀、散积消癥为要,苦、微咸，微寒；有小毒,肝经,破血逐瘀；散积消癥,血瘀经闭，癥瘕积聚；跌打损伤，瘀滞肿痛,煎服，1～1.5g；研末吞服，0.3g,有小毒，孕妇忌用；体虚无瘀者慎用,（待补充：主要成分与药理作用）,（写下你的体会：配伍、方剂、临床思路等）,活血化瘀药/破血消癥药/虻虫.md
207,山楂,消食药,,,消食健胃、行气散瘀为要,酸、甘，微温,脾、胃、肝经,消食健胃；行气散瘀；化浊降脂,肉食积滞，脘腹胀满，泻痢腹痛；瘀血经闭，产后瘀阻，胸痹心痛；高脂血症,煎服，9～12g；生用消食散瘀，炒焦消食导滞,脾胃虚弱而无积滞者慎用；孕妇慎用；胃酸过多者不宜,（待补充：主要成分与药理作用）,（写下你的体会：配伍、方剂、临床思路等）,消食药/山楂.md
208,神曲,消食药,,,消食和胃为要,甘、辛，温,脾、胃经,消食和胃,饮食积滞，脘腹胀满，食少纳呆,煎服，6～15g；炒焦用消食力强,胃阴虚者慎用,（待补充：主要成分与药理作用）,（写下你的体会：配伍、方剂、临床思路等）,消食药/神曲.md
209,莱菔子,消食药,,,消食除胀、降气化痰为要,辛、甘，平,肺、脾、胃经,消食除胀；降气化痰,饮食停滞，脘腹胀痛，大便秘结；痰壅喘咳,煎服，6～10g；生用吐风痰，炒用消食下气化痰,气虚无食积、痰滞者慎用；不宜与人参同用,（待补充：主要成分与药理作用）,（写下你的体会：配伍、方剂、临床思路等）,消食药/莱菔子.md
210,谷芽,消食药,,,消食和中、健脾开胃为要,甘，温,脾、胃经,消食和中；健脾开胃,食积不消，腹胀口臭；脾虚食少,煎服，9～15g,无明显禁忌,（待补充：主要成分与药理作用）,（写下你的体会：配伍、方剂、临床思路等）,消食药/谷芽.md
211,鸡内金,消食药,,,健胃消食、涩精止遗为要,甘，平,脾、胃、小肠、膀胱经,健胃消食；涩精止遗；通淋化石,食积不消，呕吐泻痢，小儿疳积；遗精遗尿；石淋涩痛，胆结石,煎服，3～10g；研末服，每次1.5～3g,脾虚无积者慎用,（待补充：主要成分与药理作用）,（写下你的体会：配伍、方剂、临床思路等）,消食药/鸡内金.md
212,麦芽,消食药,,,行气消食、健脾开胃为要,甘，平,脾、胃经,行气消食；健脾开胃；回乳消胀,食积不消，脘腹胀痛，脾虚食少；乳汁郁积，乳房胀痛，断乳,煎服，10～15g；回乳炒用60g,哺乳期妇女不宜使用,（待补充：主要成分与药理作用）,（写下你的体会：配伍、方剂、临床思路等）,消食药/麦芽.md
213,常山,涌吐药,,,涌吐痰涎、截疟为要,苦、辛，寒；有毒,肺、心、肝经,涌吐痰涎；截疟,胸中痰饮；疟疾,煎服，5～9g；涌吐可生用，截疟宜酒炒用,有毒，体虚、孕妇及久病体弱者忌用；不宜过量久服,（待补充：主要成分与药理作用）,（写下你的体会：配伍、方剂、临床思路等）,涌吐药/常山.md
214,瓜蒂,涌吐药,,,涌吐痰食、祛湿退黄为要,苦，寒；有毒,胃经,涌吐痰食；祛湿退黄,痰涎宿食，壅塞上脘，胸中痞硬，烦懊不眠；湿热黄疸,煎服，3～6g；入丸散服，0.3～1g；外用适量,有毒，体虚、失血及上部无实邪者忌用,（待补充：主要成分与药理作用）,（写下你的体会：配伍、方剂、临床思路等）,涌吐药/瓜蒂.md
215,胆矾,涌吐药,,,涌吐痰涎、解毒收湿为要,酸、涩、辛，寒；有毒,肝、胆经,涌吐痰涎；解毒收湿；祛腐蚀疮,风痰壅塞，喉痹；癫痫；口疮，牙疳；疮疡不敛，胬肉,温水化服，0.3～0.6g；外用适量,有毒，体虚者忌用；过量可致中毒,（待补充：主要成分与药理作用）,（写下你的体会：配伍、方剂、临床思路等）,涌吐药/胆矾.md
216,牡丹皮,清热药,清热凉血药,,清热凉血、活血化瘀为要,苦、辛，微寒,心、肝、肾经,清热凉血；活血化瘀,温毒发斑、血热吐衄；温病后期阴虚发热；血滞经闭、痛经；跌打损伤；痈肿疮毒,煎服，6～12g,血虚有寒、月经过多及孕妇不宜,（待补充：主要成分与药理作用）,（写下你的体会：配伍、方剂、临床思路等）,清热药/清热凉血药/牡丹皮.md
217,玄参,清热药,清热凉血药,,清热凉血、泻火解毒为要,甘、苦、咸，微寒,肺、胃、肾经,清热凉血；泻火解毒；滋阴,温邪入营、温毒发斑；热病伤阴；咽喉肿痛、痈肿疮毒；瘰疬痰核；劳嗽咳血,煎服，9～15g,脾胃虚寒、食少便溏者不宜；反藜芦,（待补充：主要成分与药理作用）,（写下你的体会：配伍、方剂、临床思路等）,清热药/清热凉血药/玄参.md
218,生地黄,清热药,清热凉血药,,清热凉血、养阴生津为要,甘、苦，寒,心、肝、肾经,清热凉血；养阴生津,热入营血、温毒发斑；血热吐衄；热病伤阴、舌绛烦渴；阴虚内热、骨蒸劳热；津伤口渴、内热消渴,煎服，10～15g,脾虚湿滞、腹满便溏者不宜,（待补充：主要成分与药理作用）,（写下你的体会：配伍、方剂、临床思路等）,清热药/清热凉血药/生地黄.md
219,紫草,清热药,清热凉血药,,清热凉血、活血为要,甘、咸，寒,心、肝经,清热凉血；活血；解毒透疹,温毒发斑、血热毒盛；麻疹不透、疮疡湿疹,煎服，3～10g,脾虚便溏者忌用,（待补充：主要成分与药理作用）,（写下你的体会：配伍、方剂、临床思路等）,清热药/清热凉血药/紫草.md
220,赤芍,清热药,清热凉血药,,清热凉血、散瘀止痛为要,苦，微寒,肝经,清热凉血；散瘀止痛,温毒发斑、血热吐衄；目赤肿痛；肝郁胁痛；经闭痛经、癥瘕腹痛；跌打损伤；痈肿疮疡,煎服，6～12g,血寒经闭者不宜；反藜芦,（待补充：主要成分与药理作用）,（写下你的体会：配伍、方剂、临床思路等）,清热药/清热凉血药/赤芍.md
221,决明子,清热药,清热泻火药,,清肝明目、润肠通便为要,甘、苦、咸，微寒,肝、大肠经,清肝明目；润肠通便,目赤肿痛、羞明多泪；目暗不明；肠燥便秘,煎服，9～15g，打碎用,气虚便溏者不宜,（待补充：主要成分与药理作用）,（写下你的体会：配伍、方剂、临床思路等）,清热药/清热泻火药/决明子.md
222,夏枯草,清热药,清热泻火药,,清热泻火、明目为要,辛、苦，寒,肝、胆经,清热泻火；明目；散结消肿,肝火上炎目赤肿痛、头痛眩晕；瘰疬瘿瘤,煎服，9～15g,脾胃虚弱者慎用,（待补充：主要成分与药理作用）,（写下你的体会：配伍、方剂、临床思路等）,清热药/清热泻火药/夏枯草.md
223,天花粉,清热药,清热泻火药,,清热泻火、生津止渴为要,甘、微苦，微寒,肺、胃经,清热泻火；生津止渴；消肿排脓,热病口渴、消渴；肺热燥咳；疮疡肿毒,煎服，10～15g,孕妇忌用；不宜与乌头类药材同用,（待补充：主要成分与药理作用）,（写下你的体会：配伍、方剂、临床思路等）,清热药/清热泻火药/天花粉.md
224,密蒙花,清热药,清热泻火药,,清热泻火、养肝明目为要,甘，微寒,肝、胆经,清热泻火；养肝明目；退翳,目赤肿痛、多泪、目生翳膜；肝虚目暗,煎服，3～9g,无明显禁忌,（待补充：主要成分与药理作用）,（写下你的体会：配伍、方剂、临床思路等）,清热药/清热泻火药/密蒙花.md
225,栀子,清热药,清热泻火药,,泻火除烦、清热利湿为要,苦，寒,心、肺、三焦经,泻火除烦；清热利湿；凉血解毒；外用消肿止痛,热病心烦；湿热黄疸；血淋涩痛；血热吐衄；疮疡肿毒,煎服，5～10g,脾虚便溏者不宜,（待补充：主要成分与药理作用）,（写下你的体会：配伍、方剂、临床思路等）,清热药/清热泻火药/栀子.md
226,淡竹叶,清热药,清热泻火药,,清热泻火、除烦止渴为要,甘、淡，寒,心、胃、小肠经,清热泻火；除烦止渴；利尿通淋,热病烦渴；口疮尿赤；热淋涩痛,煎服，6～10g,体虚有寒者慎用,（待补充：主要成分与药理作用）,（写下你的体会：配伍、方剂、临床思路等）,清热药/清热泻火药/淡竹叶.md
227,知母,清热药,清热泻火药,,清热泻火、滋阴润燥为要,苦、甘，寒,肺、胃、肾经,清热泻火；滋阴润燥,热病烦渴；肺热燥咳；骨蒸潮热；内热消渴,煎服，6～12g,脾虚便溏者不宜,（待补充：主要成分与药理作用）,（写下你的体会：配伍、方剂、临床思路等）,清热药/清热泻火药/知母.md
228,石膏,清热药,清热泻火药,,生用：清热泻火，除烦止渴、煅用：敛疮生肌，收湿止血为要,甘、辛，大寒,肺、胃经,生用：清热泻火，除烦止渴；煅用：敛疮生肌，收湿止血,温热病气分实热证（壮热烦渴）；肺热喘咳；胃火牙痛、头痛；疮疡溃后不敛（煅用）,煎服，15～60g，先煎；内服宜生用,脾胃虚寒及阴虚内热者忌用,（待补充：主要成分与药理作用）,（写下你的体会：配伍、方剂、临床思路等）,清热药/清热泻火药/石膏.md
229,竹叶,清热药,清热泻火药,,清热泻火、除烦为要,甘、辛、淡，寒,心、胃、小肠经,清热泻火；除烦；生津；利尿,热病烦渴；口疮尿赤；热淋,煎服，6～15g,阴虚火旺、骨蒸潮热者不宜,（待补充：主要成分与药理作用）,（写下你的体会：配伍、方剂、临床思路等）,清热药/清热泻火药/竹叶.md
230,芦根,清热药,清热泻火药,,清热泻火、生津止渴为要,甘，寒,肺、胃经,清热泻火；生津止渴；除烦；止呕；利尿,热病烦渴；胃热呕哕；肺热咳嗽、肺痈吐脓；热淋涩痛,煎服，15～30g,脾胃虚寒者慎用,（待补充：主要成分与药理作用）,（写下你的体会：配伍、方剂、临床思路等）,清热药/清热泻火药/芦根.md
231,谷精草,清热药,清热泻火药,,疏散风热、明目退翳为要,辛、甘，平,肝、肺经,疏散风热；明目退翳,目赤肿痛、目生翳障、风热头痛,煎服，5～10g,无明显禁忌,（待补充：主要成分与药理作用）,（写下你的体会：配伍、方剂、临床思路等）,清热药/清热泻火药/谷精草.md
232,青葙子,清热药,清热泻火药,,清热泻火、明目退翳为要,苦，微寒,肝经,清热泻火；明目退翳,肝热目赤、目生翳膜；视物昏花,煎服，9～15g,青光眼患者禁用,（待补充：主要成分与药理作用）,（写下你的体会：配伍、方剂、临床思路等）,清热药/清热泻火药/青葙子.md
233,白鲜皮,清热药,清热燥湿药,,清热燥湿、祛风解毒为要,苦，寒,脾、胃、膀胱经,清热燥湿；祛风解毒,湿热疮毒、湿疹疥癣；湿热黄疸；风湿热痹,煎服，5～10g,脾胃虚寒者慎用,（待补充：主要成分与药理作用）,（写下你的体会：配伍、方剂、临床思路等）,清热药/清热燥湿药/白鲜皮.md
234,秦皮,清热药,清热燥湿药,,清热燥湿、收涩止痢为要,苦、涩，寒,肝、胆、大肠经,清热燥湿；收涩止痢；明目,湿热泻痢；目赤肿痛、目生翳膜,煎服，6～12g,脾胃虚寒者忌用,（待补充：主要成分与药理作用）,（写下你的体会：配伍、方剂、临床思路等）,清热药/清热燥湿药/秦皮.md
235,苦参,清热药,清热燥湿药,,清热燥湿、杀虫为要,苦，寒,心、肝、胃、大肠、膀胱经,清热燥湿；杀虫；利尿,湿热泻痢、便血、黄疸；湿热带下、阴肿阴痒；湿热蕴结小便不利,煎服，3～10g,脾胃虚寒者忌用；反藜芦,（待补充：主要成分与药理作用）,（写下你的体会：配伍、方剂、临床思路等）,清热药/清热燥湿药/苦参.md
236,黄柏,清热药,清热燥湿药,,清热燥湿、泻火除蒸为要,苦，寒,肾、膀胱、大肠经,清热燥湿；泻火除蒸；解毒疗疮,湿热下注带下、淋浊、足膝肿痛；阴虚火旺、骨蒸盗汗；疮疡肿毒,煎服，3～12g,脾胃虚寒者忌用,（待补充：主要成分与药理作用）,（写下你的体会：配伍、方剂、临床思路等）,清热药/清热燥湿药/黄柏.md
237,黄芩,清热药,清热燥湿药,,清热燥湿、泻火解毒为要,苦，寒,肺、胆、脾、胃、大肠、小肠经,清热燥湿；泻火解毒；止血；安胎,湿温、暑湿；肺热咳嗽；血热吐衄；胎动不安；疮痈肿毒,煎服，3～10g,脾胃虚寒者不宜,（待补充：主要成分与药理作用）,（写下你的体会：配伍、方剂、临床思路等）,清热药/清热燥湿药/黄芩.md
238,黄连,清热药,清热燥湿药,,清热燥湿、泻火解毒为要,苦，寒,心、脾、胃、肝、胆、大肠经,清热燥湿；泻火解毒,湿热痞满、泻痢；心火亢盛、心烦不寐；胃火牙痛；痈肿疮毒,煎服，2～5g,脾胃虚寒者忌用；苦燥伤阴，阴虚津伤者慎用,（待补充：主要成分与药理作用）,（写下你的体会：配伍、方剂、临床思路等）,清热药/清热燥湿药/黄连.md
239,龙胆,清热药,清热燥湿药,,清热燥湿、泻肝胆火为要,苦，寒,肝、胆、膀胱经,清热燥湿；泻肝胆火,湿热黄疸、阴肿阴痒、带下；肝火头痛、目赤耳聋；肝经热盛惊风抽搐,煎服，3～6g,脾胃虚寒者忌用；阴虚津伤者慎用,（待补充：主要成分与药理作用）,（写下你的体会：配伍、方剂、临床思路等）,清热药/清热燥湿药/龙胆.md
240,地骨皮,清热药,清虚热药,,凉血除蒸、清肺降火为要,甘，寒,肺、肝、肾经,凉血除蒸；清肺降火,阴虚发热、骨蒸盗汗；肺热咳嗽；血热吐衄；内热消渴,煎服，9～15g,外感风寒发热及脾虚便溏者不宜,（待补充：主要成分与药理作用）,（写下你的体会：配伍、方剂、临床思路等）,清热药/清虚热药/地骨皮.md
241,白薇,清热药,清虚热药,,清热凉血、利尿通淋为要,苦、咸，寒,胃、肝、肾经,清热凉血；利尿通淋；解毒疗疮,阴虚发热、产后虚热；热淋、血淋；疮痈肿毒、毒蛇咬伤,煎服，5～10g,脾胃虚寒、食少便溏者不宜,（待补充：主要成分与药理作用）,（写下你的体会：配伍、方剂、临床思路等）,清热药/清虚热药/白薇.md
242,胡黄连,清热药,清虚热药,,退虚热、除疳热为要,苦，寒,肝、胃、大肠经,退虚热；除疳热；清湿热,骨蒸潮热；小儿疳热；湿热泻痢、痔疮肿痛,煎服，3～10g,脾胃虚寒者慎用,（待补充：主要成分与药理作用）,（写下你的体会：配伍、方剂、临床思路等）,清热药/清虚热药/胡黄连.md
243,银柴胡,清热药,清虚热药,,退虚热、清疳热为要,甘，微寒,肝、胃经,退虚热；清疳热,阴虚发热、骨蒸劳热；疳积发热,煎服，3～9g,外感风寒、血虚无热者忌用,（待补充：主要成分与药理作用）,（写下你的体会：配伍、方剂、临床思路等）,清热药/清虚热药/银柴胡.md
244,青蒿,清热药,清虚热药,,清透虚热、凉血除蒸为要,苦、辛，寒,肝、胆经,清透虚热；凉血除蒸；解暑；截疟,温邪伤阴、夜热早凉；阴虚发热、骨蒸劳热；暑热外感；疟疾寒热,煎服，6～12g，后下,脾胃虚弱、肠滑泄泻者忌用,（待补充：主要成分与药理作用）,（写下你的体会：配伍、方剂、临床思路等）,清热药/清虚热药/青蒿.md
245,丁香,温里药,,,温中降逆、散寒止痛为要,辛，温,脾、胃、肺、肾经,温中降逆；散寒止痛；温肾助阳,胃寒呕吐，呃逆；脘腹冷痛；阳痿，宫冷,煎服，1～3g,热证及阴虚内热者忌用；不宜与郁金同用,（待补充：主要成分与药理作用）,（写下你的体会：配伍、方剂、临床思路等）,温里药/丁香.md
246,吴茱萸,温里药,,,散寒止痛、降逆止呕为要,辛、苦，热；有小毒,肝、脾、胃、肾经,散寒止痛；降逆止呕；助阳止泻,寒凝疼痛，厥阴头痛，寒疝腹痛，痛经；胃寒呕吐；虚寒泄泻，五更泄泻,煎服，2～5g；外用适量,有小毒，不宜多服久服；阴虚有热者忌用,（待补充：主要成分与药理作用）,（写下你的体会：配伍、方剂、临床思路等）,温里药/吴茱萸.md
247,小茴香,温里药,,,散寒止痛、理气和胃为要,辛，温,肝、肾、脾、胃经,散寒止痛；理气和胃,寒疝腹痛，睾丸偏坠，痛经；脘腹胀痛，食少吐泻,煎服，3～6g,阴虚火旺者慎用,（待补充：主要成分与药理作用）,（写下你的体会：配伍、方剂、临床思路等）,温里药/小茴香.md
248,干姜,温里药,,,温中散寒、回阳通脉为要,辛，热,脾、胃、肾、心、肺经,温中散寒；回阳通脉；温肺化饮,脘腹冷痛，呕吐泄泻；亡阳证；寒饮喘咳,煎服，3～10g,阴虚内热、血热妄行者忌用；孕妇慎用,（待补充：主要成分与药理作用）,（写下你的体会：配伍、方剂、临床思路等）,温里药/干姜.md
249,肉桂,温里药,,,补火助阳、引火归元为要,辛、甘，大热,肾、脾、心、肝经,补火助阳；引火归元；散寒止痛；温通经脉,阳痿宫冷，腰膝冷痛；心腹冷痛，寒疝腹痛；痛经经闭；阴疽流注；虚阳上浮,煎服，1～5g，后下；研末冲服，每次1～2g,阴虚火旺、里有实热、血热妄行者及孕妇忌用；不宜与赤石脂同用,（待补充：主要成分与药理作用）,（写下你的体会：配伍、方剂、临床思路等）,温里药/肉桂.md
250,胡椒,温里药,,,温中散寒、下气消痰为要,辛，热,胃、大肠经,温中散寒；下气消痰,胃寒腹痛，呕吐泄泻；癫痫痰多,煎服，0.6～1.5g，研粉吞服,阴虚有热者忌用,（待补充：主要成分与药理作用）,（写下你的体会：配伍、方剂、临床思路等）,温里药/胡椒.md
251,花椒,温里药,,,温中止痛、杀虫止痒为要,辛，温；有小毒,脾、胃、肾经,温中止痛；杀虫止痒,脘腹冷痛，呕吐泄泻；虫积腹痛；湿疹阴痒,煎服，3～6g；外用适量,有小毒，孕妇慎用；阴虚火旺者忌用,（待补充：主要成分与药理作用）,（写下你的体会：配伍、方剂、临床思路等）,温里药/花椒.md
252,荜茇,温里药,,,温中散寒、下气止痛为要,辛，热,胃、大肠经,温中散寒；下气止痛,胃寒腹痛，呕吐泄泻，呃逆；牙痛,煎服，1～3g,阴虚火旺者忌用,（待补充：主要成分与药理作用）,（写下你的体会：配伍、方剂、临床思路等）,温里药/荜茇.md
253,附子,温里药,,,回阳救逆、补火助阳为要,辛、甘，大热；有毒,心、肾、脾经,回阳救逆；补火助阳；散寒止痛,亡阳虚脱，肢冷脉微；阳痿宫冷，心腹冷痛，虚寒吐泻，寒疝腹痛；阴寒水肿，阳虚外感；寒湿痹痛,煎服，3～15g，先煎0.5～1小时，至口尝无麻辣感,有毒，孕妇禁用；不宜与半夏、瓜蒌、贝母、白蔹、白及同用,（待补充：主要成分与药理作用）,（写下你的体会：配伍、方剂、临床思路等）,温里药/附子.md
254,高良姜,温里药,,,温胃止呕、散寒止痛为要,辛，热,脾、胃经,温胃止呕；散寒止痛,胃寒冷痛，呕吐泄泻,煎服，3～6g,阴虚有热者忌用,（待补充：主要成分与药理作用）,（写下你的体会：配伍、方剂、临床思路等）,温里药/高良姜.md
255,乌药,理气药,,,行气止痛、温肾散寒为要,辛，温,肺、脾、肾、膀胱经,行气止痛；温肾散寒,寒凝气滞，胸腹胀痛，疝气疼痛，痛经；膀胱虚冷，遗尿尿频,煎服，3～10g,气虚及内热者慎用,（待补充：主要成分与药理作用）,（写下你的体会：配伍、方剂、临床思路等）,理气药/乌药.md
256,九香虫,理气药,,,理气止痛、温中助阳为要,咸，温,肝、脾、肾经,理气止痛；温中助阳,胸胁胀痛，肝胃气痛；肾阳不足，腰膝酸软，阳痿,煎服，3～9g,阴虚阳亢者慎用,（待补充：主要成分与药理作用）,（写下你的体会：配伍、方剂、临床思路等）,理气药/九香虫.md
257,佛手,理气药,,,疏肝理气、和胃止痛为要,辛、苦，温,肝、脾、胃、肺经,疏肝理气；和胃止痛；燥湿化痰,肝郁气滞，胸胁胀痛；脾胃气滞，脘腹胀痛，呕恶食少；咳嗽痰多,煎服，3～10g,阴虚血燥、气无郁滞者慎用,（待补充：主要成分与药理作用）,（写下你的体会：配伍、方剂、临床思路等）,理气药/佛手.md
258,刀豆,理气药,,,降气止呃、温肾助阳为要,甘，温,胃、肾经,降气止呃；温肾助阳,虚寒呃逆，呕吐；肾虚腰痛,煎服，9～15g,无明显禁忌,（待补充：主要成分与药理作用）,（写下你的体会：配伍、方剂、临床思路等）,理气药/刀豆.md
259,川楝子,理气药,,,疏肝泄热、行气止痛为要,苦，寒；有小毒,肝、小肠、膀胱经,疏肝泄热；行气止痛；杀虫,肝郁化火，胸胁脘腹胀痛，疝气疼痛；虫积腹痛,煎服，3～10g,有小毒，不宜过量或久服；脾胃虚寒者慎用,（待补充：主要成分与药理作用）,（写下你的体会：配伍、方剂、临床思路等）,理气药/川楝子.md
260,木香,理气药,,,行气止痛、健脾消食为要,辛、苦，温,脾、胃、大肠、三焦、胆经,行气止痛；健脾消食,胸胁脘腹胀痛，泻痢后重；食积不消，不思饮食,煎服，3～6g；生用行气力强，煨用止泻,阴虚津亏、火旺者慎用,（待补充：主要成分与药理作用）,（写下你的体会：配伍、方剂、临床思路等）,理气药/木香.md
261,枳壳,理气药,,,理气宽中、行滞消胀为要,苦、辛、酸，微寒,脾、胃经,理气宽中；行滞消胀,胸胁气滞，胀满疼痛，食积不化，痰饮内停,煎服，3～10g,孕妇慎用,（待补充：主要成分与药理作用）,（写下你的体会：配伍、方剂、临床思路等）,理气药/枳壳.md
262,枳实,理气药,,,破气消积、化痰散痞为要,苦、辛、酸，微寒,脾、胃经,破气消积；化痰散痞,积滞内停，痞满胀痛，泻痢后重，大便不通；痰滞气阻，胸痹结胸；胃下垂、子宫脱垂、脱肛,煎服，3～10g,孕妇慎用,（待补充：主要成分与药理作用）,（写下你的体会：配伍、方剂、临床思路等）,理气药/枳实.md
263,柿蒂,理气药,,,降逆止呃为要,苦、涩，平,胃经,降逆止呃,呃逆,煎服，5～10g,无明显禁忌,（待补充：主要成分与药理作用）,（写下你的体会：配伍、方剂、临床思路等）,理气药/柿蒂.md
264,檀香,理气药,,,行气温中、开胃止痛为要,辛，温,脾、胃、心、肺经,行气温中；开胃止痛,寒凝气滞，胸膈不舒，脘腹疼痛；心腹疼痛,煎服，2～5g，后下,阴虚火旺者慎用,（待补充：主要成分与药理作用）,（写下你的体会：配伍、方剂、临床思路等）,理气药/檀香.md
265,沉香,理气药,,,行气止痛、温中止呕为要,辛、苦，微温,脾、胃、肾经,行气止痛；温中止呕；纳气平喘,胸腹胀闷疼痛；胃寒呕吐呃逆；肾虚气逆喘急,煎服，1～5g，后下或磨汁冲服,阴虚火旺、气虚下陷者慎用,（待补充：主要成分与药理作用）,（写下你的体会：配伍、方剂、临床思路等）,理气药/沉香.md
266,玫瑰花,理气药,,,行气解郁、活血止痛为要,甘、微苦，温,肝、脾经,行气解郁；活血止痛,肝胃气痛，食少呕恶；月经不调，经前乳房胀痛；跌打伤痛,煎服，3～6g,阴虚火旺者慎用,（待补充：主要成分与药理作用）,（写下你的体会：配伍、方剂、临床思路等）,理气药/玫瑰花.md
267,甘松,理气药,,,理气止痛、开郁醒脾为要,辛、甘，温,脾、胃经,理气止痛；开郁醒脾；外用祛湿消肿,脘腹胀满疼痛；思虑伤脾，不思饮食；湿脚气,煎服，3～6g；外用适量,气虚血热者忌用,（待补充：主要成分与药理作用）,（写下你的体会：配伍、方剂、临床思路等）,理气药/甘松.md
268,绿萼梅,理气药,,,疏肝和中、化痰散结为要,微酸、涩，平,肝、胃、肺经,疏肝和中；化痰散结,肝胃气痛，胸闷胁胀；梅核气,煎服，3～6g,无明显禁忌,（待补充：主要成分与药理作用）,（写下你的体会：配伍、方剂、临床思路等）,理气药/绿萼梅.md
269,荔枝核,理气药,,,行气散结、祛寒止痛为要,甘、微苦，温,肝、胃经,行气散结；祛寒止痛,疝气疼痛，睾丸肿痛；胃脘久痛，痛经，产后腹痛,煎服，5～10g,无寒湿滞气者勿用,（待补充：主要成分与药理作用）,（写下你的体会：配伍、方剂、临床思路等）,理气药/荔枝核.md
270,薤白,理气药,,,通阳散结、行气导滞为要,辛、苦，温,心、肺、胃、大肠经,通阳散结；行气导滞,胸痹心痛，脘腹痞满胀痛；泻痢后重,煎服，5～10g,气虚无滞、胃弱纳呆者不宜用,（待补充：主要成分与药理作用）,（写下你的体会：配伍、方剂、临床思路等）,理气药/薤白.md
271,陈皮,理气药,,,理气健脾、燥湿化痰为要,苦、辛，温,肺、脾经,理气健脾；燥湿化痰,脘腹胀满，食少吐泻；咳嗽痰多,煎服，3～10g,气虚证、阴虚燥咳、吐血者慎用,（待补充：主要成分与药理作用）,（写下你的体会：配伍、方剂、临床思路等）,理气药/陈皮.md
272,青皮,理气药,,,疏肝破气、消积化滞为要,苦、辛，温,肝、胆、胃经,疏肝破气；消积化滞,肝郁气滞，胸胁胀痛，疝气疼痛；食积腹痛；癥瘕积聚，久疟癖块,煎服，3～10g,气虚者慎用；醋炙疏肝止痛力强,（待补充：主要成分与药理作用）,（写下你的体会：配伍、方剂、临床思路等）,理气药/青皮.md
273,香橼,理气药,,,疏肝解郁、理气和中为要,辛、苦、酸，温,肝、脾、肺经,疏肝解郁；理气和中；燥湿化痰,肝郁胸胁胀痛；脾胃气滞，脘腹胀痛，呕恶食少；咳嗽痰多,煎服，3～10g,阴虚血燥者慎用,（待补充：主要成分与药理作用）,（写下你的体会：配伍、方剂、临床思路等）,理气药/香橼.md
274,香附,理气药,,,疏肝解郁、理气宽中为要,辛、微苦、微甘，平,肝、脾、三焦经,疏肝解郁；理气宽中；调经止痛,肝郁气滞，胸胁胀痛，疝气疼痛，乳房胀痛；月经不调，经闭痛经；脾胃气滞，脘腹痞闷,煎服，6～10g,气虚无滞、阴虚血热者慎用,（待补充：主要成分与药理作用）,（写下你的体会：配伍、方剂、临床思路等）,理气药/香附.md
275,丝瓜络,祛风湿药,祛风寒湿药,,祛风通络、化痰解毒为要,甘，平,肺、胃、肝经,祛风通络；化痰解毒,风湿痹痛，筋脉拘挛；胸胁疼痛；乳汁不通；痰热咳嗽,煎服，5～12g,无明显禁忌,（待补充：主要成分与药理作用）,（写下你的体会：配伍、方剂、临床思路等）,祛风湿药/祛风寒湿药/丝瓜络.md
276,乌梢蛇,祛风湿药,祛风寒湿药,,祛风、通络为要,甘，平,肝经,祛风；通络；止痉,风湿顽痹，麻木拘挛；中风口眼歪斜，半身不遂；小儿惊风，破伤风；麻风、疥癣,煎服，6～12g；研末吞服，2～3g,血虚生风者慎用,（待补充：主要成分与药理作用）,（写下你的体会：配伍、方剂、临床思路等）,祛风湿药/祛风寒湿药/乌梢蛇.md
277,伸筋草,祛风湿药,祛风寒湿药,,祛风除湿、舒筋活络为要,微苦、辛，温,肝、脾、肾经,祛风除湿；舒筋活络,风寒湿痹，关节酸痛，屈伸不利；跌打损伤,煎服，3～12g,孕妇慎用,（待补充：主要成分与药理作用）,（写下你的体会：配伍、方剂、临床思路等）,祛风湿药/祛风寒湿药/伸筋草.md
278,威灵仙,祛风湿药,祛风寒湿药,,祛风湿、通络止痛为要,辛、咸，温,膀胱经,祛风湿；通络止痛；消骨鲠,风湿痹痛，肢体麻木；跌打伤痛；诸骨鲠咽,煎服，6～10g；治骨鲠可用30～50g煎汤或含漱,气血虚弱者慎服,（待补充：主要成分与药理作用）,（写下你的体会：配伍、方剂、临床思路等）,祛风湿药/祛风寒湿药/威灵仙.md
279,川乌,祛风湿药,祛风寒湿药,,祛风除湿、温经止痛为要,辛、苦，热；有大毒,心、肝、肾、脾经,祛风除湿；温经止痛,风寒湿痹，关节疼痛；心腹冷痛，寒疝腹痛；麻醉止痛,煎服，1.5～3g，先煎久煎（1～2小时）；入丸散，0.5～1g；须炮制后用,有大毒，孕妇禁用；不宜与贝母、半夏、白及、白蔹、瓜蒌、天花粉同用,（待补充：主要成分与药理作用）,（写下你的体会：配伍、方剂、临床思路等）,祛风湿药/祛风寒湿药/川乌.md
280,木瓜,祛风湿药,祛风寒湿药,,舒筋活络、和胃化湿为要,酸，温,肝、脾经,舒筋活络；和胃化湿,风湿痹证，筋脉拘挛，脚气肿痛；吐泻转筋；食积不化,煎服，6～9g,胃酸过多者不宜用,（待补充：主要成分与药理作用）,（写下你的体会：配伍、方剂、临床思路等）,祛风湿药/祛风寒湿药/木瓜.md
281,海风藤,祛风湿药,祛风寒湿药,,祛风湿、通络止痛为要,辛、苦，微温,肝经,祛风湿；通络止痛,风寒湿痹，关节不利，筋脉拘挛；跌打损伤,煎服，6～12g,阴虚血燥者慎用,（待补充：主要成分与药理作用）,（写下你的体会：配伍、方剂、临床思路等）,祛风湿药/祛风寒湿药/海风藤.md
282,独活,祛风湿药,祛风寒湿药,,祛风除湿、通痹止痛为要,辛、苦，微温,肾、膀胱经,祛风除湿；通痹止痛；解表,风寒湿痹，腰膝疼痛；少阴伏风头痛；风寒夹湿表证,煎服，3～10g,阴虚血燥者慎用,（待补充：主要成分与药理作用）,（写下你的体会：配伍、方剂、临床思路等）,祛风湿药/祛风寒湿药/独活.md
283,穿山龙,祛风湿药,祛风寒湿药,,祛风除湿、舒筋通络为要,苦，微寒,肝、肺经,祛风除湿；舒筋通络；活血止痛；止咳平喘,风湿痹痛，关节肿痛；跌打损伤；咳嗽气喘,煎服，9～15g,孕妇慎用,（待补充：主要成分与药理作用）,（写下你的体会：配伍、方剂、临床思路等）,祛风湿药/祛风寒湿药/穿山龙.md
284,蕲蛇,祛风湿药,祛风寒湿药,,祛风、通络为要,甘、咸，温；有毒,肝经,祛风；通络；止痉,风湿顽痹，麻木拘挛；中风口眼歪斜，半身不遂；小儿急慢惊风，破伤风；麻风、疥癣,煎服，3～9g；研末吞服，1～1.5g；或浸酒服,有毒，血虚生风者慎用,（待补充：主要成分与药理作用）,（写下你的体会：配伍、方剂、临床思路等）,祛风湿药/祛风寒湿药/蕲蛇.md
285,蚕沙,祛风湿药,祛风寒湿药,,祛风除湿、和胃化浊为要,甘、辛，温,肝、脾、胃经,祛风除湿；和胃化浊,风湿痹痛；吐泻转筋；风疹瘙痒,煎服，5～15g，包煎,血虚者慎用,（待补充：主要成分与药理作用）,（写下你的体会：配伍、方剂、临床思路等）,祛风湿药/祛风寒湿药/蚕沙.md
286,路路通,祛风湿药,祛风寒湿药,,祛风活络、利水为要,苦，平,肝、肾经,祛风活络；利水；通经,风湿痹痛，麻木拘挛；水肿胀满；经闭乳少,煎服，5～10g,孕妇慎用,（待补充：主要成分与药理作用）,（写下你的体会：配伍、方剂、临床思路等）,祛风湿药/祛风寒湿药/路路通.md
287,青风藤,祛风湿药,祛风寒湿药,,祛风湿、通经络为要,苦、辛，平,肝、脾经,祛风湿；通经络；利小便,风湿痹痛，关节肿胀；水肿，脚气,煎服，6～12g,孕妇慎用,（待补充：主要成分与药理作用）,（写下你的体会：配伍、方剂、临床思路等）,祛风湿药/祛风寒湿药/青风藤.md
288,五加皮,祛风湿药,祛风湿强筋骨药,,祛风除湿、补益肝肾为要,辛、苦，温,肝、肾经,祛风除湿；补益肝肾；强筋壮骨；利水消肿,风湿痹痛，筋脉拘挛；肝肾不足，筋骨痿软，小儿行迟；水肿，脚气浮肿,煎服，5～10g,阴虚火旺者慎用,（待补充：主要成分与药理作用）,（写下你的体会：配伍、方剂、临床思路等）,祛风湿药/祛风湿强筋骨药/五加皮.md
289,千年健,祛风湿药,祛风湿强筋骨药,,祛风湿、壮筋骨为要,苦、辛，温,肝、肾经,祛风湿；壮筋骨,风湿痹痛，腰膝冷痛，筋骨无力,煎服，5～10g,阴虚内热者慎用,（待补充：主要成分与药理作用）,（写下你的体会：配伍、方剂、临床思路等）,祛风湿药/祛风湿强筋骨药/千年健.md
290,桑寄生,祛风湿药,祛风湿强筋骨药,,祛风湿、补肝肾为要,苦、甘，平,肝、肾经,祛风湿；补肝肾；强筋骨；安胎元,风湿痹痛，腰膝酸软；肝肾不足，筋骨痿软；胎动不安，胎漏下血,煎服，9～15g,无明显禁忌,（待补充：主要成分与药理作用）,（写下你的体会：配伍、方剂、临床思路等）,祛风湿药/祛风湿强筋骨药/桑寄生.md
291,狗脊,祛风湿药,祛风湿强筋骨药,,祛风湿、补肝肾为要,苦、甘，温,肝、肾经,祛风湿；补肝肾；强腰膝,风湿痹痛，腰膝酸软，下肢无力；肾虚不固，遗尿白带,煎服，6～12g,肾虚有热、小便不利或短赤者慎用,（待补充：主要成分与药理作用）,（写下你的体会：配伍、方剂、临床思路等）,祛风湿药/祛风湿强筋骨药/狗脊.md
292,鹿衔草,祛风湿药,祛风湿强筋骨药,,祛风湿、强筋骨为要,甘、苦，温,肝、肾经,祛风湿；强筋骨；止血；止咳,风湿痹痛，腰膝无力；崩漏，月经过多；久咳劳嗽,煎服，9～15g,无明显禁忌,（待补充：主要成分与药理作用）,（写下你的体会：配伍、方剂、临床思路等）,祛风湿药/祛风湿强筋骨药/鹿衔草.md
293,桑枝,祛风湿药,祛风湿热药,,祛风湿、通利关节为要,微苦，平,肝经,祛风湿；通利关节,风湿痹痛，肩臂关节酸痛麻木,煎服，9～15g,无明显禁忌,（待补充：主要成分与药理作用）,（写下你的体会：配伍、方剂、临床思路等）,祛风湿药/祛风湿热药/桑枝.md
294,海桐皮,祛风湿药,祛风湿热药,,祛风湿、通络止痛为要,苦、辛，平,肝经,祛风湿；通络止痛；杀虫止痒,风湿痹痛，四肢拘挛；疥癣、湿疹瘙痒,煎服，5～15g；外用适量,血虚生风者慎用,（待补充：主要成分与药理作用）,（写下你的体会：配伍、方剂、临床思路等）,祛风湿药/祛风湿热药/海桐皮.md
295,秦艽,祛风湿药,祛风湿热药,,祛风湿、清湿热为要,辛、苦，平,胃、肝、胆经,祛风湿；清湿热；止痹痛；退虚热,风湿痹痛，筋脉拘挛，骨节酸痛；中风半身不遂；湿热黄疸；骨蒸潮热，小儿疳热,煎服，3～10g,久痛虚羸、溲多、便溏者慎用,（待补充：主要成分与药理作用）,（写下你的体会：配伍、方剂、临床思路等）,祛风湿药/祛风湿热药/秦艽.md
296,络石藤,祛风湿药,祛风湿热药,,祛风通络、凉血消肿为要,苦，微寒,心、肝经,祛风通络；凉血消肿,风湿热痹，筋脉拘挛；喉痹，痈肿,煎服，6～12g,阳虚畏寒者慎用,（待补充：主要成分与药理作用）,（写下你的体会：配伍、方剂、临床思路等）,祛风湿药/祛风湿热药/络石藤.md
297,老鹳草,祛风湿药,祛风湿热药,,祛风湿、通经络为要,辛、苦，平,肝、肾、脾经,祛风湿；通经络；止泻痢,风湿痹痛，麻木拘挛；泄泻、痢疾,煎服，9～15g,无明显禁忌,（待补充：主要成分与药理作用）,（写下你的体会：配伍、方剂、临床思路等）,祛风湿药/祛风湿热药/老鹳草.md
298,臭梧桐,祛风湿药,祛风湿热药,,祛风湿、通经络为要,辛、苦、甘，凉,肝经,祛风湿；通经络；平肝,风湿痹痛，肢体麻木，半身不遂；肝阳上亢，头痛眩晕,煎服，5～15g,脾胃虚弱者慎用,（待补充：主要成分与药理作用）,（写下你的体会：配伍、方剂、临床思路等）,祛风湿药/祛风湿热药/臭梧桐.md
299,豨莶草,祛风湿药,祛风湿热药,,祛风湿、利关节为要,辛、苦，寒,肝、肾经,祛风湿；利关节；解毒,风湿痹痛，筋骨无力，腰膝酸软；中风半身不遂；风疹湿疮，痈肿疮毒,煎服，9～12g,生用或酒蒸制用；无风湿者慎用,（待补充：主要成分与药理作用）,（写下你的体会：配伍、方剂、临床思路等）,祛风湿药/祛风湿热药/豨莶草.md
300,防己,祛风湿药,祛风湿热药,,祛风湿、止痛为要,苦、辛，寒,膀胱、肺经,祛风湿；止痛；利水消肿,风湿痹痛（热痹尤宜）；水肿，小便不利，脚气浮肿,煎服，5～10g,脾胃虚寒、食欲不振、阴虚无湿热者忌用,（待补充：主要成分与药理作用）,（写下你的体会：配伍、方剂、临床思路等）,祛风湿药/祛风湿热药/防己.md
301,雷公藤,祛风湿药,祛风湿热药,,祛风除湿、活血通络为要,苦、辛，寒；大毒,心、肝经,祛风除湿；活血通络；消肿止痛；杀虫解毒,风湿顽痹，关节肿痛；疔疮肿毒；腰带疮,煎服，6～10g，久煎；外用适量,大毒，内服宜慎；孕妇、育龄期男女、肝肾功能不全者禁用,（待补充：主要成分与药理作用）,（写下你的体会：配伍、方剂、临床思路等）,祛风湿药/祛风湿热药/雷公藤.md
302,人参,补虚药,补气药,,大补元气、复脉固脱为要,甘、微苦，微温,脾、肺、心、肾经,大补元气；复脉固脱；补脾益肺；生津养血；安神益智,体虚欲脱，肢冷脉微；脾虚食少，肺虚喘咳；津伤口渴，内热消渴；气血亏虚，久病虚羸；心悸失眠，阳痿宫冷,煎服，3～9g，另煎兑服；研末吞服，每次2g,不宜与藜芦、五灵脂同用；实证、热证而正气不虚者忌用,（待补充：主要成分与药理作用）,（写下你的体会：配伍、方剂、临床思路等）,补虚药/补气药/人参.md
303,党参,补虚药,补气药,,健脾益肺、养血生津为要,甘，平,脾、肺经,健脾益肺；养血生津,脾肺气虚，食少倦怠，咳嗽虚喘；气血不足，面色萎黄；气津两伤，口渴,煎服，9～30g,不宜与藜芦同用；实热证不宜用,（待补充：主要成分与药理作用）,（写下你的体会：配伍、方剂、临床思路等）,补虚药/补气药/党参.md
304,刺五加,补虚药,补气药,,益气健脾、补肾安神为要,甘、微苦，温,脾、肺、心、肾经,益气健脾；补肾安神,脾肺气虚，体虚乏力，食欲不振；肺肾两虚，久咳虚喘；肾虚腰膝酸痛，失眠多梦,煎服，9～27g,阴虚火旺者慎用,（待补充：主要成分与药理作用）,（写下你的体会：配伍、方剂、临床思路等）,补虚药/补气药/刺五加.md
305,大枣,补虚药,补气药,,补中益气、养血安神为要,甘，温,脾、胃、心经,补中益气；养血安神,脾虚食少，乏力便溏；妇人脏躁，失眠；气血亏虚,煎服，6～15g；劈破煎服,湿盛中满、食积、虫积者慎用,（待补充：主要成分与药理作用）,（写下你的体会：配伍、方剂、临床思路等）,补虚药/补气药/大枣.md
306,太子参,补虚药,补气药,,益气健脾、生津润肺为要,甘、微苦，平,脾、肺经,益气健脾；生津润肺,脾虚体倦，食欲不振；肺燥干咳；病后虚弱，气阴不足，自汗口渴,煎服，9～30g,无明显禁忌,（待补充：主要成分与药理作用）,（写下你的体会：配伍、方剂、临床思路等）,补虚药/补气药/太子参.md
307,山药,补虚药,补气药,,补脾养胃、生津益肺为要,甘，平,脾、肺、肾经,补脾养胃；生津益肺；补肾涩精,脾虚食少，久泻不止；肺虚喘咳；肾虚遗精，带下，尿频；虚热消渴,煎服，15～30g；麸炒增强补脾止泻,湿盛中满或有积滞者慎用,（待补充：主要成分与药理作用）,（写下你的体会：配伍、方剂、临床思路等）,补虚药/补气药/山药.md
308,甘草,补虚药,补气药,,补脾益气、清热解毒为要,甘，平,心、肺、脾、胃经,补脾益气；清热解毒；祛痰止咳；缓急止痛；调和诸药,脾胃虚弱，倦怠乏力；心悸气短；咳嗽痰多；脘腹、四肢挛急疼痛；痈肿疮毒，咽喉肿痛；药食中毒,煎服，2～10g；清热解毒宜生用，补中缓急宜炙用,不宜与海藻、京大戟、红大戟、甘遂、芫花同用；湿盛中满者慎用；大剂量久服可致水钠潴留,（待补充：主要成分与药理作用）,（写下你的体会：配伍、方剂、临床思路等）,补虚药/补气药/甘草.md
309,白扁豆,补虚药,补气药,,健脾化湿、和中消暑为要,甘，微温,脾、胃经,健脾化湿；和中消暑,脾胃虚弱，食欲不振，大便溏泻；暑湿吐泻；胸闷腹胀,煎服，9～15g；健脾止泻宜炒用,无明显禁忌,（待补充：主要成分与药理作用）,（写下你的体会：配伍、方剂、临床思路等）,补虚药/补气药/白扁豆.md
310,白术,补虚药,补气药,,健脾益气、燥湿利水为要,甘、苦，温,脾、胃经,健脾益气；燥湿利水；止汗；安胎,脾虚食少，腹胀泄泻；痰饮眩悸；水肿，小便不利；气虚自汗；胎动不安,煎服，6～12g；健脾止泻宜炒用，燥湿利水宜生用,阴虚内热、津液亏耗者慎用,（待补充：主要成分与药理作用）,（写下你的体会：配伍、方剂、临床思路等）,补虚药/补气药/白术.md
311,红景天,补虚药,补气药,,益气活血、通脉平喘为要,甘、苦，平,肺、脾、心经,益气活血；通脉平喘,气虚血瘀之胸痹心痛，中风偏瘫；倦怠气喘,煎服，3～6g；研末服，每次2g,无明显禁忌,（待补充：主要成分与药理作用）,（写下你的体会：配伍、方剂、临床思路等）,补虚药/补气药/红景天.md
312,绞股蓝,补虚药,补气药,,益气健脾、化痰止咳为要,甘、苦，寒,脾、肺经,益气健脾；化痰止咳；清热解毒,脾虚乏力，食欲不振；肺虚咳嗽；热毒疮疡,煎服，10～20g；研末服，3～6g,脾胃虚寒者慎用,（待补充：主要成分与药理作用）,（写下你的体会：配伍、方剂、临床思路等）,补虚药/补气药/绞股蓝.md
313,蜂蜜,补虚药,补气药,,补中、润燥为要,甘，平,肺、脾、大肠经,补中；润燥；止痛；解毒；外用生肌敛疮,脾胃虚弱，脘腹疼痛；肺燥干咳，肠燥便秘；疮疡不敛（外用）,冲服或入丸膏剂，15～30g；外用适量,湿盛中满、湿热痰滞、便溏泄泻者慎用,（待补充：主要成分与药理作用）,（写下你的体会：配伍、方剂、临床思路等）,补虚药/补气药/蜂蜜.md
314,西洋参,补虚药,补气药,,补气养阴、清热生津为要,甘、微苦，凉,心、肺、肾经,补气养阴；清热生津,气虚阴亏，虚热烦倦，咳喘痰血；内热消渴，口燥咽干,煎服，3～6g，另煎兑服；含化或研粉冲服,不宜与藜芦同用；中阳虚衰、寒湿中阻者忌用,（待补充：主要成分与药理作用）,（写下你的体会：配伍、方剂、临床思路等）,补虚药/补气药/西洋参.md
315,饴糖,补虚药,补气药,,补中益气、缓急止痛为要,甘，温,脾、胃、肺经,补中益气；缓急止痛；润肺止咳,脾胃虚弱，里急腹痛；肺虚燥咳,烊化兑服，15～20g；入汤剂须烊化,湿热内郁、中满吐逆、痰热咳嗽者慎用,（待补充：主要成分与药理作用）,（写下你的体会：配伍、方剂、临床思路等）,补虚药/补气药/饴糖.md
316,黄芪,补虚药,补气药,,补气升阳、固表止汗为要,甘，微温,脾、肺经,补气升阳；固表止汗；利水消肿；生津养血；行滞通痹；托毒排脓；敛疮生肌,气虚乏力，食少便溏，中气下陷；久泻脱肛，便血崩漏；表虚自汗；气虚水肿；内热消渴；血虚萎黄；半身不遂，痹痛麻木；痈疽难溃或溃久不敛,煎服，9～30g；补气升阳宜蜜炙用,表实邪盛、气滞湿阻、食积停滞、痈疽初起或溃后热毒尚盛者忌用,（待补充：主要成分与药理作用）,（写下你的体会：配伍、方剂、临床思路等）,补虚药/补气药/黄芪.md
317,何首乌,补虚药,补血药,,补肝肾、益精血为要,苦、甘、涩，微温（制）,肝、心、肾经,补肝肾；益精血；乌须发；强筋骨；化浊降脂,血虚萎黄，眩晕耳鸣，须发早白，腰膝酸软，肢体麻木；崩漏带下；高脂血症,煎服，6～12g（制用）,湿痰较重、大便溏泄者慎用；生首乌有毒，忌铁器煎煮,（待补充：主要成分与药理作用）,（写下你的体会：配伍、方剂、临床思路等）,补虚药/补血药/何首乌.md
318,当归,补虚药,补血药,,补血活血、调经止痛为要,甘、辛，温,肝、心、脾经,补血活血；调经止痛；润肠通便,血虚萎黄，眩晕心悸；月经不调，经闭痛经；虚寒腹痛，风湿痹痛，跌打损伤；痈疽疮疡；肠燥便秘,煎服，6～12g；补血用当归身，活血用当归尾，和血用全当归,湿盛中满、大便溏泄者慎用,（待补充：主要成分与药理作用）,（写下你的体会：配伍、方剂、临床思路等）,补虚药/补血药/当归.md
319,楮实子,补虚药,补血药,,滋肾清肝、明目为要,甘，寒,肝、肾经,滋肾清肝；明目；利尿,肝肾不足，腰膝酸软，目昏眼花；水肿胀满,煎服，6～12g,脾胃虚寒者慎用,（待补充：主要成分与药理作用）,（写下你的体会：配伍、方剂、临床思路等）,补虚药/补血药/楮实子.md
320,熟地黄,补虚药,补血药,,补血滋阴、益精填髓为要,甘，微温,肝、肾经,补血滋阴；益精填髓,血虚萎黄，心悸怔忡，月经不调，崩漏下血；肝肾阴虚，腰膝酸软，骨蒸潮热，盗汗遗精，内热消渴；精血亏虚，须发早白，眩晕耳鸣,煎服，9～15g,脾胃虚弱、气滞痰多、腹满便溏者慎用,（待补充：主要成分与药理作用）,（写下你的体会：配伍、方剂、临床思路等）,补虚药/补血药/熟地黄.md
321,白芍,补虚药,补血药,,养血调经、敛阴止汗为要,苦、酸，微寒,肝、脾经,养血调经；敛阴止汗；柔肝止痛；平抑肝阳,血虚萎黄，月经不调，痛经崩漏；自汗盗汗；肝郁胁痛，脘腹疼痛，四肢挛急疼痛；肝阳上亢，头痛眩晕,煎服，6～15g；大剂量15～30g,不宜与藜芦同用；阳衰虚寒之证不宜单独使用,（待补充：主要成分与药理作用）,（写下你的体会：配伍、方剂、临床思路等）,补虚药/补血药/白芍.md
322,阿胶,补虚药,补血药,,补血滋阴、润燥为要,甘，平,肺、肝、肾经,补血滋阴；润燥；止血,血虚萎黄，眩晕心悸，肌痿无力；热病伤阴，心烦不眠，虚风内动；肺燥咳嗽，劳嗽咯血；吐血衄血，便血崩漏,烊化兑服，3～9g；入丸散用,脾胃虚弱、消化不良者慎用,（待补充：主要成分与药理作用）,（写下你的体会：配伍、方剂、临床思路等）,补虚药/补血药/阿胶.md
323,龙眼肉,补虚药,补血药,,补益心脾、养血安神为要,甘，温,心、脾经,补益心脾；养血安神,思虑过度，劳伤心脾，惊悸怔忡，失眠健忘；气血不足,煎服，9～15g,湿盛中满、有痰火者慎用；孕妇慎用,（待补充：主要成分与药理作用）,（写下你的体会：配伍、方剂、临床思路等）,补虚药/补血药/龙眼肉.md
324,仙茅,补虚药,补阳药,,补肾阳、强筋骨为要,辛，热；有毒,肾、肝、脾经,补肾阳；强筋骨；祛寒湿,肾阳不足，阳痿精冷，小便失禁；腰膝冷痛，筋骨痿软；寒湿痹痛,煎服，3～10g,有毒，不宜久服；阴虚火旺者忌用,（待补充：主要成分与药理作用）,（写下你的体会：配伍、方剂、临床思路等）,补虚药/补阳药/仙茅.md
325,冬虫夏草,补虚药,补阳药,,补肾益肺、止血化痰为要,甘，平,肺、肾经,补肾益肺；止血化痰,肾虚精亏，阳痿遗精，腰膝酸痛；久咳虚喘，劳嗽咯血,煎服或炖服，3～9g；研末服，1.5～3g,有表邪者不宜用,（待补充：主要成分与药理作用）,（写下你的体会：配伍、方剂、临床思路等）,补虚药/补阳药/冬虫夏草.md
326,巴戟天,补虚药,补阳药,,补肾阳、强筋骨为要,甘、辛，微温,肾、肝经,补肾阳；强筋骨；祛风湿,肾阳不足，阳痿遗精，宫冷不孕，月经不调，少腹冷痛；风湿痹痛，筋骨痿软,煎服，3～10g,阴虚火旺者忌用,（待补充：主要成分与药理作用）,（写下你的体会：配伍、方剂、临床思路等）,补虚药/补阳药/巴戟天.md
327,杜仲,补虚药,补阳药,,补肝肾、强筋骨为要,甘，温,肝、肾经,补肝肾；强筋骨；安胎,肾虚腰痛，筋骨无力；妊娠漏血，胎动不安；高血压属肝肾不足者,煎服，6～10g；盐炙增强补肝肾,阴虚火旺者慎用,（待补充：主要成分与药理作用）,（写下你的体会：配伍、方剂、临床思路等）,补虚药/补阳药/杜仲.md
328,核桃仁,补虚药,补阳药,,补肾温肺、润肠通便为要,甘，温,肾、肺、大肠经,补肾温肺；润肠通便,肾虚腰痛，脚膝痿弱，遗精遗尿；肺虚久咳气喘；肠燥便秘,煎服，6～9g；嚼服或入丸散,阴虚火旺、痰火咳嗽、便溏者慎用,（待补充：主要成分与药理作用）,（写下你的体会：配伍、方剂、临床思路等）,补虚药/补阳药/核桃仁.md
329,沙苑子,补虚药,补阳药,,补肾助阳、固精缩尿为要,甘，温,肝、肾经,补肾助阳；固精缩尿；养肝明目,肾虚腰痛，遗精早泄，遗尿尿频；肝肾不足，目暗昏花,煎服，9～15g,阴虚火旺及小便不利者慎用,（待补充：主要成分与药理作用）,（写下你的体会：配伍、方剂、临床思路等）,补虚药/补阳药/沙苑子.md
330,海马,补虚药,补阳药,,温肾壮阳、散结消肿为要,甘、咸，温,肝、肾经,温肾壮阳；散结消肿,肾阳不足，阳痿遗精，遗尿；癥瘕积聚，跌打损伤；疔疮肿毒,煎服，3～9g；研末服，每次1～1.5g,孕妇及阴虚火旺者忌用,（待补充：主要成分与药理作用）,（写下你的体会：配伍、方剂、临床思路等）,补虚药/补阳药/海马.md
331,淫羊藿,补虚药,补阳药,,补肾阳、强筋骨为要,辛、甘，温,肾、肝经,补肾阳；强筋骨；祛风湿,肾阳虚衰，阳痿遗精，筋骨痿软；风湿痹痛，麻木拘挛,煎服，6～10g,阴虚火旺者忌用,（待补充：主要成分与药理作用）,（写下你的体会：配伍、方剂、临床思路等）,补虚药/补阳药/淫羊藿.md
332,益智仁,补虚药,补阳药,,暖肾固精缩尿、温脾止泻摄唾为要,辛，温,肾、脾经,暖肾固精缩尿；温脾止泻摄唾,肾虚遗尿，小便频数，遗精白浊；脾寒泄泻，腹中冷痛，口多唾涎,煎服，3～10g,阴虚火旺、湿热者忌用,（待补充：主要成分与药理作用）,（写下你的体会：配伍、方剂、临床思路等）,补虚药/补阳药/益智仁.md
333,紫河车,补虚药,补阳药,,温肾补精、益气养血为要,甘、咸，温,肺、肝、肾经,温肾补精；益气养血,虚劳羸瘦，骨蒸盗汗，咳嗽气喘；阳痿遗精，不孕少乳；气血亏虚，面色萎黄,研末装胶囊服，2～3g；或鲜品炖食,阴虚火旺者不宜单用；有实邪者慎用,（待补充：主要成分与药理作用）,（写下你的体会：配伍、方剂、临床思路等）,补虚药/补阳药/紫河车.md
334,续断,补虚药,补阳药,,补肝肾、强筋骨为要,苦、辛，微温,肝、肾经,补肝肾；强筋骨；续折伤；止崩漏,腰膝酸软，风湿痹痛；跌打损伤，筋伤骨折；崩漏经多，胎漏下血，胎动不安,煎服，9～15g；酒炙增强通脉之力,风湿热痹者慎用,（待补充：主要成分与药理作用）,（写下你的体会：配伍、方剂、临床思路等）,补虚药/补阳药/续断.md
335,肉苁蓉,补虚药,补阳药,,补肾阳、益精血为要,甘、咸，温,肾、大肠经,补肾阳；益精血；润肠通便,肾阳不足，精血亏虚，阳痿不孕，腰膝酸软，筋骨无力；肠燥便秘,煎服，6～10g,阴虚火旺、便溏泄泻者忌用；肠胃实热便秘者不宜,（待补充：主要成分与药理作用）,（写下你的体会：配伍、方剂、临床思路等）,补虚药/补阳药/肉苁蓉.md
336,菟丝子,补虚药,补阳药,,补益肝肾、固精缩尿为要,甘，温,肝、肾、脾经,补益肝肾；固精缩尿；安胎；明目；止泻；外用消风祛斑,肝肾不足，腰膝酸软，阳痿遗精，遗尿尿频；肾虚胎漏，胎动不安；目昏耳鸣；脾肾虚泻；白癜风（外用）,煎服，6～12g；外用适量,阴虚火旺、大便燥结者慎用,（待补充：主要成分与药理作用）,（写下你的体会：配伍、方剂、临床思路等）,补虚药/补阳药/菟丝子.md
337,蛤蚧,补虚药,补阳药,,补肺益肾、纳气定喘为要,咸，平,肺、肾经,补肺益肾；纳气定喘；助阳益精,肺虚咳嗽，肾虚作喘，虚劳喘咳；肾虚阳痿,煎服，3～6g；研末服，每次1～2g,风寒咳嗽、实热喘咳者忌用,（待补充：主要成分与药理作用）,（写下你的体会：配伍、方剂、临床思路等）,补虚药/补阳药/蛤蚧.md
338,补骨脂,补虚药,补阳药,,补肾壮阳、固精缩尿为要,辛、苦，温,肾、脾经,补肾壮阳；固精缩尿；温脾止泻；纳气平喘,肾阳不足，腰膝冷痛，阳痿遗精，遗尿尿频；脾肾阳虚，五更泄泻；肾不纳气，虚寒喘咳,煎服，6～10g；外用适量,阴虚火旺者忌用；大剂量可致光敏反应,（待补充：主要成分与药理作用）,（写下你的体会：配伍、方剂、临床思路等）,补虚药/补阳药/补骨脂.md
339,锁阳,补虚药,补阳药,,补肾阳、益精血为要,甘，温,肝、肾、大肠经,补肾阳；益精血；润肠通便,肾阳不足，精血亏虚，腰膝痿软，阳痿滑精；肠燥便秘,煎服，5～10g,阴虚火旺、脾虚泄泻及实热便秘者忌用,（待补充：主要成分与药理作用）,（写下你的体会：配伍、方剂、临床思路等）,补虚药/补阳药/锁阳.md
340,阳起石,补虚药,补阳药,,温肾壮阳为要,咸，温,肾经,温肾壮阳,阳痿不举，宫冷不孕，腰膝冷痹,入丸散，3～6g；不入煎剂,阴虚火旺者忌用,（待补充：主要成分与药理作用）,（写下你的体会：配伍、方剂、临床思路等）,补虚药/补阳药/阳起石.md
341,韭菜子,补虚药,补阳药,,温补肝肾、壮阳固精为要,辛、甘，温,肝、肾经,温补肝肾；壮阳固精,肾阳不足，腰膝酸软，阳痿遗精，遗尿尿频；白带过多,煎服，3～9g,阴虚火旺者忌用,（待补充：主要成分与药理作用）,（写下你的体会：配伍、方剂、临床思路等）,补虚药/补阳药/韭菜子.md
342,鹿茸,补虚药,补阳药,,壮肾阳、益精血为要,甘、咸，温,肾、肝经,壮肾阳；益精血；强筋骨；调冲任；托疮毒,肾阳不足，精血亏虚，阳痿滑精，宫冷不孕，羸瘦神疲，畏寒眩晕；筋骨痿软，小儿五迟；冲任虚寒，崩漏带下；阴疽内陷不起,研末冲服，1～2g，或入丸散,阴虚阳亢、血热、胃火盛、肺有痰热及外感热病者忌用；服用宜从小剂量开始,（待补充：主要成分与药理作用）,（写下你的体会：配伍、方剂、临床思路等）,补虚药/补阳药/鹿茸.md
343,北沙参,补虚药,补阴药,,养阴清肺、益胃生津为要,甘、微苦，微寒,肺、胃经,养阴清肺；益胃生津,肺热燥咳，劳嗽痰血；胃阴不足，热病津伤，咽干口渴,煎服，5～12g,不宜与藜芦同用；风寒咳嗽及中寒便溏者忌用,（待补充：主要成分与药理作用）,（写下你的体会：配伍、方剂、临床思路等）,补虚药/补阴药/北沙参.md
344,南沙参,补虚药,补阴药,,养阴清肺、益胃生津为要,甘，微寒,肺、胃经,养阴清肺；益胃生津；化痰；益气,肺热燥咳，阴虚劳嗽，干咳痰黏；胃阴不足，食少呕吐，咽干口燥,煎服，9～15g,不宜与藜芦同用；风寒咳嗽者忌用,（待补充：主要成分与药理作用）,（写下你的体会：配伍、方剂、临床思路等）,补虚药/补阴药/南沙参.md
345,墨旱莲,补虚药,补阴药,,滋补肝肾、凉血止血为要,甘、酸，寒,肝、肾经,滋补肝肾；凉血止血,肝肾阴虚，头晕目眩，须发早白；阴虚血热之吐血衄血、尿血便血、崩漏,煎服，6～12g,脾胃虚寒者慎用,（待补充：主要成分与药理作用）,（写下你的体会：配伍、方剂、临床思路等）,补虚药/补阴药/墨旱莲.md
346,天冬,补虚药,补阴药,,养阴润燥、清肺生津为要,甘、苦，寒,肺、肾经,养阴润燥；清肺生津,肺燥干咳，顿咳痰黏，劳嗽咯血；肾阴不足，阴虚火旺，潮热盗汗；内热消渴，肠燥便秘,煎服，6～12g,脾胃虚寒、食少便溏、外感风寒咳嗽者忌用,（待补充：主要成分与药理作用）,（写下你的体会：配伍、方剂、临床思路等）,补虚药/补阴药/天冬.md
347,女贞子,补虚药,补阴药,,滋补肝肾、明目乌发为要,甘、苦，凉,肝、肾经,滋补肝肾；明目乌发,肝肾阴虚，眩晕耳鸣，腰膝酸软，须发早白；目暗不明，内热消渴，骨蒸潮热,煎服，6～12g,脾胃虚寒泄泻及阳虚者忌用,（待补充：主要成分与药理作用）,（写下你的体会：配伍、方剂、临床思路等）,补虚药/补阴药/女贞子.md
348,明党参,补虚药,补阴药,,润肺化痰、养阴和胃为要,甘、微苦，微寒,肺、脾、肝经,润肺化痰；养阴和胃；平肝；解毒,肺热咳嗽，呕吐反胃；食少口干；目赤眩晕；疔毒疮疡,煎服，6～12g,脾虚泄泻者慎用,（待补充：主要成分与药理作用）,（写下你的体会：配伍、方剂、临床思路等）,补虚药/补阴药/明党参.md
349,枸杞子,补虚药,补阴药,,滋补肝肾、益精明目为要,甘，平,肝、肾经,滋补肝肾；益精明目,虚劳精亏，腰膝酸痛，眩晕耳鸣，阳痿遗精；内热消渴，血虚萎黄；目昏不明,煎服，6～12g,脾虚便溏者慎用,（待补充：主要成分与药理作用）,（写下你的体会：配伍、方剂、临床思路等）,补虚药/补阴药/枸杞子.md
350,桑椹,补虚药,补阴药,,滋阴补血、生津润燥为要,甘、酸，寒,心、肝、肾经,滋阴补血；生津润燥,肝肾阴虚，眩晕耳鸣，心悸失眠，须发早白；津伤口渴，内热消渴，肠燥便秘,煎服，9～15g；鲜品30～60g,脾胃虚寒便溏者忌用,（待补充：主要成分与药理作用）,（写下你的体会：配伍、方剂、临床思路等）,补虚药/补阴药/桑椹.md
351,玉竹,补虚药,补阴药,,养阴润燥、生津止渴为要,甘，微寒,肺、胃经,养阴润燥；生津止渴,肺胃阴伤，燥热咳嗽，咽干口渴；内热消渴,煎服，6～12g,脾虚便溏者慎用；痰湿内蕴者不宜,（待补充：主要成分与药理作用）,（写下你的体会：配伍、方剂、临床思路等）,补虚药/补阴药/玉竹.md
352,百合,补虚药,补阴药,,养阴润肺、清心安神为要,甘，微寒,心、肺经,养阴润肺；清心安神,阴虚燥咳，劳嗽咯血；虚烦惊悸，失眠多梦，精神恍惚,煎服，6～12g；蜜炙可增强润肺,风寒咳嗽、中寒便溏者忌用,（待补充：主要成分与药理作用）,（写下你的体会：配伍、方剂、临床思路等）,补虚药/补阴药/百合.md
353,石斛,补虚药,补阴药,,益胃生津、滋阴清热为要,甘，微寒,胃、肾经,益胃生津；滋阴清热,热病津伤，口干烦渴，胃阴不足，食少干呕；阴虚火旺，骨蒸劳热，目暗不明，筋骨痿软,煎服，6～12g，鲜品15～30g,温热病早期阴未伤者、湿温未化燥者忌用；脾胃虚寒者慎用,（待补充：主要成分与药理作用）,（写下你的体会：配伍、方剂、临床思路等）,补虚药/补阴药/石斛.md
354,鳖甲,补虚药,补阴药,,滋阴潜阳、退热除蒸为要,咸，微寒,肝、肾经,滋阴潜阳；退热除蒸；软坚散结,阴虚发热，骨蒸劳热；阴虚阳亢，头晕目眩；虚风内动；癥瘕积聚，疟母,煎服，9～24g，打碎先煎；醋淬研末服,脾胃虚寒、食少便溏及孕妇慎用,（待补充：主要成分与药理作用）,（写下你的体会：配伍、方剂、临床思路等）,补虚药/补阴药/鳖甲.md
355,麦冬,补虚药,补阴药,,养阴生津、润肺清心为要,甘、微苦，微寒,心、肺、胃经,养阴生津；润肺清心,肺燥干咳，阴虚劳嗽，喉痹咽痛；胃阴不足，津伤口渴，内热消渴；心烦失眠，肠燥便秘,煎服，6～12g,不宜与藜芦同用；风寒咳嗽、脾胃虚寒泄泻者忌用,（待补充：主要成分与药理作用）,（写下你的体会：配伍、方剂、临床思路等）,补虚药/补阴药/麦冬.md
356,黄精,补虚药,补阴药,,补气养阴、健脾为要,甘，平,脾、肺、肾经,补气养阴；健脾；润肺；益肾,脾胃虚弱，体倦乏力，口干食少；肺虚燥咳，劳嗽咯血；精血不足，腰膝酸软，须发早白，内热消渴,煎服，9～15g,脾虚湿阻、痰湿壅滞、中寒便溏者慎用,（待补充：主要成分与药理作用）,（写下你的体会：配伍、方剂、临床思路等）,补虚药/补阴药/黄精.md
357,黑芝麻,补虚药,补阴药,,补肝肾、益精血为要,甘，平,肝、肾、大肠经,补肝肾；益精血；润肠燥,精血亏虚，头晕眼花，须发早白，耳鸣耳聋；肠燥便秘,煎服，9～15g；研粉服,大便溏泄者慎用,（待补充：主要成分与药理作用）,（写下你的体会：配伍、方剂、临床思路等）,补虚药/补阴药/黑芝麻.md
358,龟甲,补虚药,补阴药,,滋阴潜阳、益肾强骨为要,咸、甘，微寒,肝、肾、心经,滋阴潜阳；益肾强骨；养血补心；固经止崩,阴虚阳亢，头晕目眩；阴虚发热，骨蒸潮热，盗汗遗精；虚风内动；肾虚筋骨痿软；心虚健忘失眠；阴虚血热崩漏,煎服，9～24g，打碎先煎；醋淬研末服,脾胃虚寒、胃有寒湿者忌用；孕妇慎用,（待补充：主要成分与药理作用）,（写下你的体会：配伍、方剂、临床思路等）,补虚药/补阴药/龟甲.md
359,桂枝,解表药,发散风寒药,,发汗解肌、温通经脉为要,辛、甘，温,心、肺、膀胱经,发汗解肌；温通经脉；助阳化气,风寒表虚有汗证及表实无汗证；寒凝血滞诸痛证；痰饮、蓄水证；心悸,煎服，3～10g,温热病、阴虚阳盛及血热妄行者忌用，孕妇及月经过多者慎用,（待补充：主要成分与药理作用）,（写下你的体会：配伍、方剂、临床思路等）,解表药/发散风寒药/桂枝.md
360,生姜,解表药,发散风寒药,,解表散寒、温中止呕为要,辛，微温,肺、脾、胃经,解表散寒；温中止呕；温肺止咳；解鱼蟹毒,风寒感冒；胃寒呕吐；寒痰咳嗽；鱼蟹中毒,煎服，3～10g,热盛及阴虚内热者忌用,（待补充：主要成分与药理作用）,（写下你的体会：配伍、方剂、临床思路等）,解表药/发散风寒药/生姜.md
361,白芷,解表药,发散风寒药,,解表散寒、祛风止痛为要,辛，温,肺、胃、大肠经,解表散寒；祛风止痛；宣通鼻窍；燥湿止带；消肿排脓,风寒感冒；头痛、牙痛、痹痛；鼻渊；带下证；疮疡肿痛,煎服，3～10g,阴虚血热者忌用,（待补充：主要成分与药理作用）,（写下你的体会：配伍、方剂、临床思路等）,解表药/发散风寒药/白芷.md
362,紫苏叶,解表药,发散风寒药,,解表散寒、行气和胃为要,辛，温,肺、脾经,解表散寒；行气和胃；解鱼蟹毒,风寒感冒；脾胃气滞、胸闷呕吐；鱼蟹中毒,煎服，5～10g，不宜久煎,气虚表虚者慎用,（待补充：主要成分与药理作用）,（写下你的体会：配伍、方剂、临床思路等）,解表药/发散风寒药/紫苏叶.md
363,细辛,解表药,发散风寒药,,解表散寒、祛风止痛为要,辛，温；有小毒,肺、肾、心经,解表散寒；祛风止痛；通窍；温肺化饮,风寒感冒；头痛、牙痛、痹痛；鼻渊鼻塞；寒痰停饮咳喘,煎服，1～3g；散剂每次0.5～1g,阴虚阳亢头痛、肺燥伤阴干咳者忌用；反藜芦,（待补充：主要成分与药理作用）,（写下你的体会：配伍、方剂、临床思路等）,解表药/发散风寒药/细辛.md
364,羌活,解表药,发散风寒药,,解表散寒、祛风胜湿为要,辛、苦，温,膀胱、肾经,解表散寒；祛风胜湿；止痛,风寒感冒；风寒湿痹，尤宜上半身痹痛,煎服，3～10g,血虚痹痛、阴虚头痛者慎用,（待补充：主要成分与药理作用）,（写下你的体会：配伍、方剂、临床思路等）,解表药/发散风寒药/羌活.md
365,苍耳子,解表药,发散风寒药,,发散风寒、通鼻窍为要,辛、苦，温；有毒,肺经,发散风寒；通鼻窍；祛风湿；止痛,鼻渊头痛；风寒感冒；风湿痹痛,煎服，3～10g；或入丸散,血虚头痛者不宜；过量易中毒,（待补充：主要成分与药理作用）,（写下你的体会：配伍、方剂、临床思路等）,解表药/发散风寒药/苍耳子.md
366,荆芥,解表药,发散风寒药,,祛风解表、透疹消疮为要,辛，微温,肺、肝经,祛风解表；透疹消疮；炒炭止血,外感表证；麻疹不透、风疹瘙痒；疮疡初起；吐衄下血（炒炭用）,煎服，5～10g，不宜久煎,表虚自汗、阴虚头痛者忌用,（待补充：主要成分与药理作用）,（写下你的体会：配伍、方剂、临床思路等）,解表药/发散风寒药/荆芥.md
367,藁本,解表药,发散风寒药,,祛风散寒、除湿止痛为要,辛，温,膀胱经,祛风散寒；除湿止痛,风寒感冒、巅顶头痛；风寒湿痹,煎服，3～10g,血虚头痛及热证者忌用,（待补充：主要成分与药理作用）,（写下你的体会：配伍、方剂、临床思路等）,解表药/发散风寒药/藁本.md
368,辛夷,解表药,发散风寒药,,散风寒、通鼻窍为要,辛，温,肺、胃经,散风寒；通鼻窍,鼻渊、鼻塞流涕；风寒感冒头痛,煎服，3～10g，包煎,鼻病因于阴虚火旺者忌用,（待补充：主要成分与药理作用）,（写下你的体会：配伍、方剂、临床思路等）,解表药/发散风寒药/辛夷.md
369,防风,解表药,发散风寒药,,祛风解表、胜湿止痛为要,辛、甘，微温,膀胱、肝、脾经,祛风解表；胜湿止痛；止痉,外感表证；风疹瘙痒；风湿痹痛；破伤风,煎服，5～10g,血虚发痉及阴虚火旺者慎用,（待补充：主要成分与药理作用）,（写下你的体会：配伍、方剂、临床思路等）,解表药/发散风寒药/防风.md
370,香薷,解表药,发散风寒药,,发汗解表、化湿和中为要,辛，微温,肺、胃经,发汗解表；化湿和中；利水消肿,暑湿感冒（阴暑）；水肿、小便不利,煎服，3～10g,表虚有汗及暑热证者忌用,（待补充：主要成分与药理作用）,（写下你的体会：配伍、方剂、临床思路等）,解表药/发散风寒药/香薷.md
371,麻黄,解表药,发散风寒药,,发汗解表、宣肺平喘为要,辛、微苦，温,肺、膀胱经,发汗解表；宣肺平喘；利水消肿,风寒表实无汗证；咳嗽气喘；风水水肿,煎服，2～10g；发汗解表宜生用，平喘止咳多蜜炙用,表虚自汗、阴虚盗汗及肺肾虚喘者慎用；高血压、失眠者慎用,（待补充：主要成分与药理作用）,（写下你的体会：配伍、方剂、临床思路等）,解表药/发散风寒药/麻黄.md
372,升麻,解表药,发散风热药,,解表透疹、清热解毒为要,辛、微甘，微寒,肺、脾、胃、大肠经,解表透疹；清热解毒；升举阳气,外感表证、麻疹不透；热毒疮疡；气虚下陷,煎服，3～10g,麻疹已透及阴虚火旺者忌用,（待补充：主要成分与药理作用）,（写下你的体会：配伍、方剂、临床思路等）,解表药/发散风热药/升麻.md
373,柴胡,解表药,发散风热药,,解表退热、疏肝解郁为要,苦、辛，微寒,肝、胆经,解表退热；疏肝解郁；升举阳气,表证发热、少阳证寒热往来；肝郁气滞；气虚下陷、脏器脱垂,煎服，3～10g,肝阳上亢、肝风内动者忌用,（待补充：主要成分与药理作用）,（写下你的体会：配伍、方剂、临床思路等）,解表药/发散风热药/柴胡.md
374,桑叶,解表药,发散风热药,,疏散风热、清肺润燥为要,苦、甘，寒,肺、肝经,疏散风热；清肺润燥；平抑肝阳；清肝明目,风热感冒、温病初起；肺热燥咳；肝阳上亢眩晕；目赤昏花,煎服，5～10g,无明显禁忌,（待补充：主要成分与药理作用）,（写下你的体会：配伍、方剂、临床思路等）,解表药/发散风热药/桑叶.md
375,淡豆豉,解表药,发散风热药,,解表、除烦为要,苦、辛，凉,肺、胃经,解表；除烦；宣发郁热,外感表证；热病烦闷,煎服，6～12g,无明显禁忌,（待补充：主要成分与药理作用）,（写下你的体会：配伍、方剂、临床思路等）,解表药/发散风热药/淡豆豉.md
376,牛蒡子,解表药,发散风热药,,疏散风热、宣肺祛痰为要,辛、苦，寒,肺、胃经,疏散风热；宣肺祛痰；利咽透疹；解毒消肿,风热感冒、咽喉肿痛；麻疹不透；痈肿疮毒,煎服，6～12g,气虚便溏者慎用,（待补充：主要成分与药理作用）,（写下你的体会：配伍、方剂、临床思路等）,解表药/发散风热药/牛蒡子.md
377,菊花,解表药,发散风热药,,疏散风热、平抑肝阳为要,辛、甘、苦，微寒,肺、肝经,疏散风热；平抑肝阳；清肝明目；清热解毒,风热感冒；肝阳上亢眩晕；目赤肿痛；疮痈肿毒,煎服，5～10g,无明显禁忌,（待补充：主要成分与药理作用）,（写下你的体会：配伍、方剂、临床思路等）,解表药/发散风热药/菊花.md
378,葛根,解表药,发散风热药,,解肌退热、生津止渴为要,甘、辛，凉,脾、胃、肺经,解肌退热；生津止渴；透疹；升阳止泻；通经活络,表证发热；热病口渴、消渴；麻疹不透；湿热泻痢、脾虚泄泻；项背强痛,煎服，9～15g,无明显禁忌,（待补充：主要成分与药理作用）,（写下你的体会：配伍、方剂、临床思路等）,解表药/发散风热药/葛根.md
379,蔓荆子,解表药,发散风热药,,疏散风热、清利头目为要,辛、苦，微寒,膀胱、肝、胃经,疏散风热；清利头目,风热感冒头痛；目赤肿痛、目昏多泪,煎服，5～10g,血虚有火之头痛目眩者慎用,（待补充：主要成分与药理作用）,（写下你的体会：配伍、方剂、临床思路等）,解表药/发散风热药/蔓荆子.md
380,薄荷,解表药,发散风热药,,疏散风热、清利头目为要,辛，凉,肺、肝经,疏散风热；清利头目；利咽透疹；疏肝行气,风热感冒、温病初起；头痛目赤、咽喉肿痛；麻疹不透、风疹瘙痒；肝郁气滞,煎服，3～6g，后下,体虚多汗者不宜,（待补充：主要成分与药理作用）,（写下你的体会：配伍、方剂、临床思路等）,解表药/发散风热药/薄荷.md
381,蝉蜕,解表药,发散风热药,,疏散风热、利咽开音为要,甘，寒,肺、肝经,疏散风热；利咽开音；透疹；明目退翳；息风止痉,风热感冒、咽痛音哑；麻疹不透、风疹瘙痒；目赤翳障；急慢惊风,煎服，3～6g,孕妇慎用,（待补充：主要成分与药理作用）,（写下你的体会：配伍、方剂、临床思路等）,解表药/发散风热药/蝉蜕.md
382,使君子,驱虫药,,,杀虫消积为要,甘，温,脾、胃经,杀虫消积,蛔虫病，蛲虫病，虫积腹痛；小儿疳积,煎服，9～12g，捣碎；取仁炒香嚼服，6～9g；小儿每岁1～1.5粒，总量不超过20粒,大量服用可致呃逆、眩晕；忌与热茶同服,（待补充：主要成分与药理作用）,（写下你的体会：配伍、方剂、临床思路等）,驱虫药/使君子.md
383,南瓜子,驱虫药,,,杀虫为要,甘，平,大肠经,杀虫,绦虫病，血吸虫病,研粉冷开水调服，60～120g；或连壳捣碎煎服,无明显禁忌,（待补充：主要成分与药理作用）,（写下你的体会：配伍、方剂、临床思路等）,驱虫药/南瓜子.md
384,榧子,驱虫药,,,杀虫消积、润肠通便为要,甘，平,肺、胃、大肠经,杀虫消积；润肠通便；润肺止咳,虫积腹痛；肠燥便秘；肺燥咳嗽,炒熟嚼服，9～15g,大便溏薄、肺热咳嗽者慎用,（待补充：主要成分与药理作用）,（写下你的体会：配伍、方剂、临床思路等）,驱虫药/榧子.md
385,槟榔,驱虫药,,,杀虫、消积为要,苦、辛，温,胃、大肠经,杀虫；消积；行气；利水；截疟,绦虫病，蛔虫病，姜片虫病，虫积腹痛；食积气滞，泻痢后重；水肿，脚气肿痛；疟疾,煎服，3～10g；驱绦虫、姜片虫30～60g,脾虚便溏者慎用；孕妇慎用,（待补充：主要成分与药理作用）,（写下你的体会：配伍、方剂、临床思路等）,驱虫药/槟榔.md
386,苦楝皮,驱虫药,,,杀虫、疗癣为要,苦，寒；有毒,肝、脾、胃经,杀虫；疗癣,蛔虫病，钩虫病，蛲虫病；疥癣瘙痒,煎服，3～6g；外用适量,有毒，不宜过量久服；肝肾功能不全者慎用,（待补充：主要成分与药理作用）,（写下你的体会：配伍、方剂、临床思路等）,驱虫药/苦楝皮.md
387,雷丸,驱虫药,,"[中药学, 驱虫药]",杀虫消积为要,微苦，寒；有小毒,胃、大肠经,杀虫消积,绦虫病，钩虫病，蛔虫病，虫积腹痛，小儿疳积,研粉吞服，每次15～21g，每日2～3次；不入煎剂,有小毒，不宜久服；脾胃虚寒者慎用,（待补充：主要成分与药理作用）,（写下你的体会：配伍、方剂、临床思路等）,驱虫药/雷丸.md
388,鹤草芽,驱虫药,,,杀虫为要,苦、涩，凉,肝、小肠、大肠经,杀虫,绦虫病,研粉吞服，每日30～45g，早晨空腹顿服,不入煎剂；服药后偶见恶心呕吐,（待补充：主要成分与药理作用）,（写下你的体会：配伍、方剂、临床思路等）,驱虫药/鹤草芽.md
